draw_date,draw_number,ball_1,ball_2,ball_3,ball_4,ball_5,lucky_star_1,lucky_star_2,uk_millionaire_maker,euro_millionaire_maker,ball_set,machine,sum_balls,odd_even,updated,jackpot,source
2004-02-13,1,16,29,32,36,41,7,9,,,,,154.0,2-3,,,local
2004-02-20,2,7,13,39,47,50,2,5,,,,,156.0,4-1,,,local
2004-02-27,3,14,18,19,31,37,4,5,,,,,119.0,3-2,,,local
2004-03-05,4,4,7,33,37,39,1,5,,,,,120.0,4-1,,,local
2004-03-12,5,15,24,28,44,47,4,5,,,,,158.0,2-3,,,local
2004-03-19,6,33,36,37,42,45,4,9,,,,,193.0,3-2,,,local
2004-03-26,7,3,4,10,23,43,2,4,,,,,83.0,3-2,,,local
2004-04-02,8,4,12,24,27,36,2,9,,,,,103.0,1-4,,,local
2004-04-09,9,1,4,10,19,23,2,8,,,,,57.0,3-2,,,local
2004-04-16,10,14,15,28,35,40,1,3,,,,,132.0,2-3,,,local
2004-04-23,11,6,10,21,45,49,3,5,,,,,131.0,3-2,,,local
2004-04-30,12,5,6,16,23,27,6,7,,,,,77.0,3-2,,,local
2004-05-07,13,15,16,21,36,38,1,5,,,,,126.0,2-3,,,local
2004-05-14,14,1,3,21,32,39,2,6,,,,,96.0,4-1,,,local
2004-05-21,15,15,29,37,39,49,4,9,,,,,169.0,5-0,,,local
2004-05-28,16,6,11,35,41,44,5,6,,,,,137.0,3-2,,,local
2004-06-04,17,9,13,34,41,42,3,7,,,,,139.0,3-2,,,local
2004-06-11,18,2,7,8,10,47,1,7,,,,,74.0,2-3,,,local
2004-06-18,19,2,23,28,40,43,2,6,,,,,136.0,2-3,,,local
2004-06-25,20,3,21,30,34,35,1,2,,,,,123.0,3-2,,,local
2004-07-02,21,4,23,24,28,34,1,3,,,,,113.0,1-4,,,local
2004-07-09,22,2,5,12,19,44,8,9,,,,,82.0,2-3,,,local
2004-07-16,23,24,26,31,38,50,5,8,,,,,169.0,1-4,,,local
2004-07-23,24,7,10,27,31,34,3,8,,,,,109.0,3-2,,,local
2004-07-30,25,9,10,19,37,50,1,6,,,,,125.0,3-2,,,local
2004-08-06,26,5,15,24,35,44,5,6,,,,,123.0,3-2,,,local
2004-08-13,27,20,27,41,43,50,5,8,,,,,181.0,3-2,,,local
2004-08-20,28,6,9,10,27,35,6,8,,,,,87.0,3-2,,,local
2004-08-27,29,1,11,22,28,44,1,9,,,,,106.0,2-3,,,local
2004-09-03,30,8,12,14,15,34,6,7,,,,,83.0,1-4,,,local
2004-09-10,31,5,25,33,36,38,2,5,,,,,137.0,3-2,,,local
2004-09-17,32,15,18,29,39,41,5,8,,,,,142.0,4-1,,,local
2004-09-24,33,21,26,27,44,48,1,7,,,,,166.0,2-3,,,local
2004-10-01,34,12,20,21,45,48,5,6,,,,,146.0,2-3,,,local
2004-10-08,35,1,10,12,16,48,2,6,,,,,87.0,1-4,,,local
2004-10-15,36,14,21,22,37,43,5,8,,,,,137.0,3-2,,,local
2004-10-22,37,1,9,23,25,40,3,9,,,,,98.0,4-1,,,local
2004-10-29,38,1,8,32,35,38,4,9,,,,,114.0,2-3,,,local
2004-11-05,39,6,19,25,42,49,1,7,,,,,141.0,3-2,,,local
2004-11-12,40,4,11,12,13,32,3,9,,,,,72.0,2-3,,,local
2004-11-19,41,1,18,29,34,37,2,6,,,,,119.0,3-2,,,local
2004-11-26,42,1,4,24,34,36,6,8,,,,,99.0,1-4,,,local
2004-12-03,43,1,11,15,42,49,3,4,,,,,118.0,4-1,,,local
2004-12-10,44,1,3,13,16,43,2,7,,,,,76.0,4-1,,,local
2004-12-17,45,15,19,22,46,49,2,9,,,,,151.0,3-2,,,local
2004-12-24,46,3,4,27,29,37,5,6,,,,,100.0,4-1,,,local
2004-12-31,47,7,8,24,25,47,8,9,,,,,111.0,3-2,,,local
2005-01-07,48,3,23,27,47,50,2,3,,,,,150.0,4-1,,,local
2005-01-14,49,6,11,14,19,29,1,3,,,,,79.0,3-2,,,local
2005-01-21,50,10,12,14,24,26,5,8,,,,,86.0,0-5,,,local
2005-01-28,51,7,21,26,43,45,5,7,,,,,142.0,4-1,,,local
2005-02-04,52,1,8,11,30,40,7,8,,,,,90.0,2-3,,,local
2005-02-11,53,11,13,25,32,50,4,7,,,,,131.0,3-2,,,local
2005-02-18,54,20,21,26,32,46,8,9,,,,,145.0,1-4,,,local
2005-02-25,55,3,27,30,43,44,4,8,,,,,147.0,3-2,,,local
2005-03-04,56,12,24,32,37,39,7,9,,,,,144.0,2-3,,,local
2005-03-11,57,8,12,23,40,43,1,4,,,,,126.0,2-3,,,local
2005-03-18,58,6,23,39,43,48,5,7,,,,,159.0,3-2,,,local
2005-03-25,59,4,29,33,37,38,6,9,,,,,141.0,3-2,,,local
2005-04-01,60,25,26,41,44,47,3,7,,,,,183.0,3-2,,,local
2005-04-08,61,7,11,25,31,50,1,3,,,,,124.0,4-1,,,local
2005-04-15,62,6,28,31,38,42,3,9,,,,,145.0,1-4,,,local
2005-04-22,63,3,10,13,24,47,5,9,,,,,97.0,3-2,,,local
2005-04-29,64,3,9,35,39,42,1,8,,,,,128.0,4-1,,,local
2005-05-06,65,7,12,21,26,44,6,8,,,,,110.0,2-3,,,local
2005-05-13,66,12,17,31,32,40,2,9,,,,,132.0,2-3,,,local
2005-05-20,67,6,7,13,28,47,5,8,,,,,101.0,3-2,,,local
2005-05-27,68,2,24,31,48,50,4,9,,,,,155.0,1-4,,,local
2005-06-03,69,3,8,11,17,50,1,5,,,,,89.0,3-2,,,local
2005-06-10,70,6,7,32,37,47,1,7,,,,,129.0,3-2,,,local
2005-06-17,71,4,8,10,18,21,1,7,,,,,61.0,1-4,,,local
2005-06-24,72,6,8,14,15,45,7,8,,,,,88.0,2-3,,,local
2005-07-01,73,4,5,23,25,28,3,4,,,,,85.0,3-2,,,local
2005-07-08,74,35,36,42,46,49,2,8,,,,,208.0,2-3,,,local
2005-07-15,75,1,11,12,23,42,3,6,,,,,89.0,3-2,,,local
2005-07-22,76,3,14,41,48,49,1,4,,,,,155.0,3-2,,,local
2005-07-29,77,3,19,26,49,50,4,5,,,,,147.0,3-2,,,local
2005-08-05,78,2,11,21,22,30,4,6,,,,,86.0,2-3,,,local
2005-08-12,79,15,23,30,37,40,7,9,,,,,145.0,3-2,,,local
2005-08-19,80,11,24,29,31,41,1,3,,,,,136.0,4-1,,,local
2005-08-26,81,9,29,35,40,41,1,6,,,,,154.0,4-1,,,local
2005-09-02,82,3,4,14,43,50,3,6,,,,,114.0,2-3,,,local
2005-09-09,83,8,12,19,31,50,6,7,,,,,120.0,2-3,,,local
2005-09-16,84,12,13,19,21,38,3,9,,,,,103.0,3-2,,,local
2005-09-23,85,1,26,31,34,47,4,9,,,,,139.0,3-2,,,local
2005-09-30,86,6,11,47,48,50,1,6,,,,,162.0,2-3,,,local
2005-10-07,87,2,13,21,26,44,3,9,,,,,106.0,2-3,,,local
2005-10-14,88,10,11,19,20,23,1,6,,,,,83.0,3-2,,,local
2005-10-21,89,1,14,19,29,33,1,8,,,,,96.0,4-1,,,local
2005-10-28,90,14,36,44,47,50,3,5,,,,,191.0,1-4,,,local
2005-11-04,91,26,36,37,38,42,2,6,,,,,179.0,1-4,,,local
2005-11-11,92,15,16,36,41,42,3,5,,,,,150.0,2-3,,,local
2005-11-18,93,17,18,25,34,48,2,3,,,,,142.0,2-3,,,local
2005-11-25,94,1,6,27,39,47,1,6,,,,,120.0,4-1,,,local
2005-12-02,95,1,9,20,23,30,4,7,,,,,83.0,3-2,,,local
2005-12-09,96,11,18,35,38,42,1,5,,,,,144.0,2-3,,,local
2005-12-16,97,2,3,15,18,32,6,7,,,,,70.0,2-3,,,local
2005-12-23,98,15,31,36,37,42,1,7,,,,,161.0,3-2,,,local
2005-12-30,99,8,16,19,43,45,1,4,,,,,131.0,3-2,,,local
2006-01-06,100,2,6,9,14,26,4,5,,,,,57.0,1-4,,,local
2006-01-13,101,8,12,19,33,34,1,6,,,,,106.0,2-3,,,local
2006-01-20,102,12,15,33,44,50,2,6,,,,,154.0,2-3,,,local
2006-01-27,103,9,15,21,40,49,1,4,,,,,134.0,4-1,,,local
2006-02-03,104,9,21,30,39,50,1,3,,,,,149.0,3-2,,,local
2006-02-10,105,5,6,38,48,50,6,7,,,,,147.0,1-4,,,local
2006-02-17,106,4,23,24,26,38,2,4,,,,,115.0,1-4,,,local
2006-02-24,107,1,11,18,19,47,3,7,,,,,96.0,4-1,,,local
2006-03-03,108,3,5,8,10,44,3,5,,,,,70.0,2-3,,,local
2006-03-10,109,1,21,33,45,49,4,8,,,,,149.0,5-0,,,local
2006-03-17,110,5,32,44,45,50,1,7,,,,,176.0,2-3,,,local
2006-03-24,111,17,28,33,35,47,4,9,,,,,160.0,4-1,,,local
2006-03-31,112,3,20,31,45,50,6,7,,,,,149.0,3-2,,,local
2006-04-07,113,12,13,29,44,50,4,5,,,,,148.0,2-3,,,local
2006-04-14,114,16,26,34,35,49,2,6,,,,,160.0,2-3,,,local
2006-04-21,115,1,20,22,37,46,1,9,,,,,126.0,2-3,,,local
2006-04-28,116,5,10,17,22,33,5,7,,,,,87.0,3-2,,,local
2006-05-05,117,4,8,14,16,50,3,9,,,,,92.0,0-5,,,local
2006-05-12,118,5,20,23,34,50,1,5,,,,,132.0,2-3,,,local
2006-05-19,119,3,5,25,34,49,5,8,,,,,116.0,4-1,,,local
2006-05-26,120,2,12,21,41,49,3,7,,,,,125.0,3-2,,,local
2006-06-02,121,7,8,27,41,48,1,6,,,,,131.0,3-2,,,local
2006-06-09,122,3,12,15,34,39,4,6,,,,,103.0,3-2,,,local
2006-06-16,123,1,16,26,30,36,3,9,,,,,109.0,1-4,,,local
2006-06-23,124,9,21,30,43,44,1,9,,,,,147.0,3-2,,,local
2006-06-30,125,6,15,16,40,43,1,2,,,,,120.0,2-3,,,local
2006-07-07,126,7,9,18,35,43,5,7,,,,,112.0,4-1,,,local
2006-07-14,127,1,7,17,31,36,2,8,,,,,92.0,4-1,,,local
2006-07-21,128,2,4,9,38,50,6,8,,,,,103.0,1-4,,,local
2006-07-28,129,3,8,12,29,43,6,7,,,,,95.0,3-2,,,local
2006-08-04,130,1,14,15,26,32,3,7,,,,,88.0,2-3,,,local
2006-08-11,131,27,28,31,46,47,2,5,,,,,179.0,3-2,,,local
2006-08-18,132,12,37,39,40,50,1,2,,,,,178.0,2-3,,,local
2006-08-25,133,10,28,40,47,48,6,8,,,,,173.0,1-4,,,local
2006-09-01,134,3,7,25,45,50,6,9,,,,,130.0,4-1,,,local
2006-09-08,135,1,10,12,32,33,1,8,,,,,88.0,2-3,,,local
2006-09-15,136,6,10,16,26,49,7,9,,,,,107.0,1-4,,,local
2006-09-22,137,10,29,30,45,49,3,8,,,,,163.0,3-2,,,local
2006-09-29,138,1,3,6,18,24,5,8,,,,,52.0,2-3,,,local
2006-10-06,139,5,11,22,35,38,7,8,,,,,111.0,3-2,,,local
2006-10-13,140,2,25,32,38,41,3,5,,,,,138.0,2-3,,,local
2006-10-20,141,10,19,34,45,47,3,6,,,,,155.0,3-2,,,local
2006-10-27,142,3,4,8,44,50,7,8,,,,,109.0,1-4,,,local
2006-11-03,143,11,13,24,44,49,3,9,,,,,141.0,3-2,,,local
2006-11-10,144,14,21,27,30,36,2,3,,,,,128.0,2-3,,,local
2006-11-17,145,12,22,32,33,36,2,6,,,,,135.0,1-4,,,local
2006-11-24,146,5,8,17,25,40,1,5,,,,,95.0,3-2,,,local
2006-12-01,147,4,8,16,37,41,2,5,,,,,106.0,2-3,,,local
2006-12-08,148,16,17,18,36,47,1,2,,,,,134.0,2-3,,,local
2006-12-15,149,9,23,35,37,42,3,7,,,,,146.0,4-1,,,local
2006-12-22,150,9,11,20,38,43,2,3,,,,,121.0,3-2,,,local
2006-12-29,151,6,9,13,14,35,3,4,,,,,77.0,3-2,,,local
2007-01-05,152,17,19,29,36,45,5,6,,,,,146.0,4-1,,,local
2007-01-12,153,8,11,14,19,25,3,5,,,,,77.0,3-2,,,local
2007-01-19,154,5,13,27,33,42,2,4,,,,,120.0,4-1,,,local
2007-01-26,155,11,15,23,30,38,4,9,,,,,117.0,3-2,,,local
2007-02-02,156,14,23,27,30,36,1,6,,,,,130.0,2-3,,,local
2007-02-09,157,14,16,30,36,46,2,8,,,,,142.0,0-5,,,local
2007-02-16,158,8,19,20,39,50,6,9,,,,,136.0,2-3,,,local
2007-02-23,159,2,15,18,20,22,2,5,,,,,77.0,1-4,,,local
2007-03-02,160,3,16,34,38,48,5,8,,,,,139.0,1-4,,,local
2007-03-09,161,2,3,25,43,48,6,9,,,,,121.0,3-2,,,local
2007-03-16,162,4,14,31,45,49,4,9,,,,,143.0,3-2,,,local
2007-03-23,163,5,13,17,40,43,1,3,,,,,118.0,4-1,,,local
2007-03-30,164,9,17,19,41,46,1,8,,,,,132.0,4-1,,,local
2007-04-06,165,15,23,29,41,48,3,6,,,,,156.0,4-1,,,local
2007-04-13,166,7,20,25,38,41,3,7,,,,,131.0,3-2,,,local
2007-04-20,167,23,26,32,41,45,3,7,,,,,167.0,3-2,,,local
2007-04-27,168,7,18,27,36,44,1,2,,,,,132.0,2-3,,,local
2007-05-04,169,6,17,35,41,45,1,5,,,,,144.0,4-1,,,local
2007-05-11,170,7,12,26,29,49,2,6,,,,,123.0,3-2,,,local
2007-05-18,171,26,34,37,39,49,2,6,,,,,185.0,3-2,,,local
2007-05-25,172,25,26,29,49,50,7,8,,,,,179.0,3-2,,,local
2007-06-01,173,6,22,37,41,42,6,9,,,,,148.0,2-3,,,local
2007-06-08,174,1,15,17,25,45,2,8,,,,,103.0,5-0,,,local
2007-06-15,175,5,7,14,21,40,3,8,,,,,87.0,3-2,,,local
2007-06-22,176,11,16,17,22,34,5,6,,,,,100.0,2-3,,,local
2007-06-29,177,8,12,28,33,45,1,3,,,,,126.0,2-3,,,local
2007-07-06,178,4,5,19,39,41,8,9,,,,,108.0,4-1,,,local
2007-07-13,179,9,13,15,31,48,3,6,,,,,116.0,4-1,,,local
2007-07-20,180,10,21,25,26,50,4,9,,,,,132.0,2-3,,,local
2007-07-27,181,1,4,21,29,41,7,8,,,,,96.0,4-1,,,local
2007-08-03,182,10,30,33,37,41,1,8,,,,,151.0,3-2,,,local
2007-08-10,183,23,40,42,43,49,2,6,,,,,197.0,3-2,,,local
2007-08-17,184,2,3,13,38,42,7,8,,,,,98.0,2-3,,,local
2007-08-24,185,1,3,16,42,48,2,3,,,,,110.0,2-3,,,local
2007-08-31,186,6,18,22,23,37,5,6,,,,,106.0,2-3,,,local
2007-09-07,187,2,3,33,34,42,3,5,,,,,114.0,2-3,,,local
2007-09-14,188,5,9,11,29,33,7,9,,,,,87.0,5-0,,,local
2007-09-21,189,1,17,32,35,37,1,8,,,,,122.0,4-1,,,local
2007-09-28,190,22,30,34,35,44,4,5,,,,,165.0,1-4,,,local
2007-10-05,191,11,20,27,35,44,2,5,,,,,137.0,3-2,,,local
2007-10-12,192,21,32,36,46,47,3,4,,,,,182.0,2-3,,,local
2007-10-19,193,7,18,34,35,40,7,8,,,,,134.0,2-3,,,local
2007-10-26,194,7,20,38,40,43,1,8,,,,,148.0,2-3,,,local
2007-11-02,195,3,16,18,19,40,1,2,,,,,96.0,2-3,,,local
2007-11-09,196,5,14,22,25,36,5,6,,,,,102.0,2-3,,,local
2007-11-16,197,9,18,23,33,37,1,8,,,,,120.0,4-1,,,local
2007-11-23,198,2,10,22,29,48,3,9,,,,,111.0,1-4,,,local
2007-11-30,199,12,19,20,30,38,7,9,,,,,119.0,1-4,,,local
2007-12-07,200,2,4,32,43,48,1,7,,,,,129.0,1-4,,,local
2007-12-14,201,8,25,30,36,44,3,4,,,,,143.0,1-4,,,local
2007-12-21,202,7,9,28,37,44,6,7,,,,,125.0,3-2,,,local
2007-12-28,203,20,21,22,31,45,7,9,,,,,139.0,3-2,,,local
2008-01-04,204,10,12,24,25,41,3,5,,,,,112.0,2-3,,,local
2008-01-11,205,8,24,36,49,50,4,8,,,,,167.0,1-4,,,local
2008-01-18,206,14,16,23,40,46,4,8,,,,,139.0,1-4,,,local
2008-01-25,207,2,6,9,19,45,7,8,,,,,81.0,3-2,,,local
2008-02-01,208,22,30,45,47,49,4,9,,,,,193.0,3-2,,,local
2008-02-08,209,17,28,30,38,44,1,4,,,,,157.0,1-4,,,local
2008-02-15,210,12,27,29,45,46,4,7,,,,,159.0,3-2,,,local
2008-02-22,211,4,27,32,46,50,8,9,,,,,159.0,1-4,,,local
2008-02-29,212,12,37,40,47,49,2,9,,,,,185.0,3-2,,,local
2008-03-07,213,2,7,14,17,35,1,6,,,,,75.0,3-2,,,local
2008-03-14,214,13,21,25,35,48,4,8,,,,,142.0,4-1,,,local
2008-03-21,215,2,10,18,22,36,4,6,,,,,88.0,0-5,,,local
2008-03-28,216,5,9,17,29,39,3,6,,,,,99.0,5-0,,,local
2008-04-04,217,11,13,18,37,47,1,6,,,,,126.0,4-1,,,local
2008-04-11,218,6,25,30,45,50,5,7,,,,,156.0,2-3,,,local
2008-04-18,219,3,6,7,27,50,5,9,,,,,93.0,3-2,,,local
2008-04-25,220,4,19,26,27,30,3,8,,,,,106.0,2-3,,,local
2008-05-02,221,2,26,37,45,48,4,8,,,,,158.0,2-3,,,local
2008-05-09,222,8,9,40,42,45,6,7,,,,,144.0,2-3,,,local
2008-05-16,223,6,9,15,25,38,4,9,,,,,93.0,3-2,,,local
2008-05-23,224,5,9,19,21,38,1,7,,,,,92.0,4-1,,,local
2008-05-30,225,5,7,14,20,49,2,8,,,,,95.0,3-2,,,local
2008-06-06,226,7,19,21,40,50,2,9,,,,,137.0,3-2,,,local
2008-06-13,227,13,16,37,44,50,1,9,,,,,160.0,2-3,,,local
2008-06-20,228,8,11,36,37,45,3,5,,,,,137.0,3-2,,,local
2008-06-27,229,5,20,26,44,50,5,7,,,,,145.0,1-4,,,local
2008-07-04,230,7,19,22,27,48,5,7,,,,,123.0,3-2,,,local
2008-07-11,231,9,11,13,19,37,3,4,,,,,89.0,5-0,,,local
2008-07-18,232,10,14,16,29,44,5,6,,,,,113.0,1-4,,,local
2008-07-25,233,7,11,15,24,29,2,7,,,,,86.0,4-1,,,local
2008-08-01,234,1,22,25,40,50,1,8,,,,,138.0,2-3,,,local
2008-08-08,235,4,5,15,16,45,4,7,,,,,85.0,3-2,,,local
2008-08-15,236,11,17,18,26,31,5,6,,,,,103.0,3-2,,,local
2008-08-22,237,7,27,29,39,50,5,7,,,,,152.0,4-1,,,local
2008-08-29,238,2,20,25,37,39,5,8,,,,,123.0,3-2,,,local
2008-09-05,239,7,12,16,17,39,3,8,,,,,91.0,3-2,,,local
2008-09-12,240,19,23,33,37,50,3,7,,,,,162.0,4-1,,,local
2008-09-19,241,14,16,19,20,31,6,9,,,,,100.0,2-3,,,local
2008-09-26,242,14,29,31,33,37,1,2,,,,,144.0,4-1,,,local
2008-10-03,243,4,13,19,23,38,2,3,,,,,97.0,3-2,,,local
2008-10-10,244,4,15,22,31,41,1,6,,,,,113.0,3-2,,,local
2008-10-17,245,3,10,12,42,50,1,5,,,,,117.0,1-4,,,local
2008-10-24,246,7,15,16,17,45,6,9,,,,,100.0,4-1,,,local
2008-10-31,247,3,18,25,34,41,2,5,,,,,121.0,3-2,,,local
2008-11-07,248,1,9,12,17,18,3,4,,,,,57.0,3-2,,,local
2008-11-14,249,8,10,14,21,26,3,4,,,,,79.0,1-4,,,local
2008-11-21,250,9,14,21,49,50,3,8,,,,,143.0,3-2,,,local
2008-11-28,251,8,11,16,25,41,2,4,,,,,101.0,3-2,,,local
2008-12-05,252,4,8,21,35,45,5,8,,,,,113.0,3-2,,,local
2008-12-12,253,2,19,28,42,49,2,7,,,,,140.0,2-3,,,local
2008-12-19,254,28,29,40,46,50,5,7,,,,,193.0,1-4,,,local
2008-12-26,255,1,2,26,44,50,1,7,,,,,123.0,1-4,,,local
2009-01-02,256,29,30,36,37,48,1,6,,,,,180.0,2-3,,,local
2009-01-09,257,7,15,22,28,48,1,4,,,,,120.0,2-3,,,local
2009-01-16,258,3,17,22,49,50,3,6,,,,,141.0,3-2,,,local
2009-01-23,259,32,33,36,40,49,2,8,,,,,190.0,2-3,,,local
2009-01-30,260,4,29,34,35,46,5,8,,,,,148.0,2-3,,,local
2009-02-06,261,10,20,30,36,40,3,5,,,,,136.0,0-5,,,local
2009-02-13,262,22,33,36,40,42,1,2,,,,,173.0,1-4,,,local
2009-02-20,263,9,12,13,14,48,1,2,,,,,96.0,2-3,,,local
2009-02-27,264,5,9,37,44,45,6,9,,,,,140.0,4-1,,,local
2009-03-06,265,13,17,19,25,35,5,6,,,,,109.0,5-0,,,local
2009-03-13,266,12,24,26,36,42,1,4,,,,,140.0,0-5,,,local
2009-03-20,267,12,16,23,31,35,4,6,,,,,117.0,3-2,,,local
2009-03-27,268,25,33,36,38,42,6,7,,,,,174.0,2-3,,,local
2009-04-03,269,2,20,24,32,46,1,9,,,,,124.0,0-5,,,local
2009-04-10,270,9,14,16,37,46,2,4,,,,,122.0,2-3,,,local
2009-04-17,271,4,7,21,44,47,1,5,,,,,123.0,3-2,,,local
2009-04-24,272,4,14,21,24,41,5,8,,,,,104.0,2-3,,,local
2009-05-01,273,5,19,31,38,47,3,5,,,,,140.0,4-1,,,local
2009-05-08,274,4,23,24,29,31,8,9,,,,,111.0,3-2,,,local
2009-05-15,275,8,18,19,20,42,5,9,,,,,107.0,1-4,,,local
2009-05-22,276,4,13,14,33,43,1,6,,,,,107.0,3-2,,,local
2009-05-29,277,2,5,30,37,47,3,6,,,,,121.0,3-2,,,local
2009-06-05,278,11,19,26,35,40,2,5,,,,,131.0,3-2,,,local
2009-06-12,279,6,14,16,34,50,4,6,,,,,120.0,0-5,,,local
2009-06-19,280,4,16,17,20,29,5,7,,,,,86.0,2-3,,,local
2009-06-26,281,6,11,21,30,39,2,8,,,,,107.0,3-2,,,local
2009-07-03,282,21,29,34,46,47,6,8,,,,,177.0,3-2,,,local
2009-07-10,283,6,16,20,42,46,1,6,,,,,130.0,0-5,,,local
2009-07-17,284,2,8,17,32,50,3,7,,,,,109.0,1-4,,,local
2009-07-24,285,14,15,25,35,47,5,9,,,,,136.0,4-1,,,local
2009-07-31,286,5,9,20,21,26,3,6,,,,,81.0,3-2,,,local
2009-08-07,287,10,20,22,24,31,2,7,,,,,107.0,1-4,,,local
2009-08-14,288,5,8,24,30,49,3,9,,,,,116.0,2-3,,,local
2009-08-21,289,4,7,16,31,42,3,5,,,,,100.0,2-3,,,local
2009-08-28,290,8,36,37,41,49,5,7,,,,,171.0,3-2,,,local
2009-09-04,291,6,9,20,38,39,3,9,,,,,112.0,2-3,,,local
2009-09-11,292,12,15,35,42,43,4,6,,,,,147.0,3-2,,,local
2009-09-18,293,6,16,30,38,41,2,4,,,,,131.0,1-4,,,local
2009-09-25,294,6,17,18,21,34,3,9,,,,,96.0,2-3,,,local
2009-10-02,295,22,23,24,29,44,1,5,,,,,142.0,2-3,,,local
2009-10-09,296,7,11,29,46,50,4,7,,,,,143.0,3-2,,,local
2009-10-16,297,12,23,30,31,47,3,4,,,,,143.0,3-2,,,local
2009-10-23,298,6,18,20,29,31,2,8,,,,,104.0,2-3,,,local
2009-10-30,299,9,33,35,38,40,2,6,,,,,155.0,3-2,,,local
2009-11-06,300,11,19,34,43,45,5,9,,,,,152.0,4-1,,,local
2009-11-13,301,13,15,25,26,32,3,4,,,,,111.0,3-2,,,local
2009-11-20,302,5,9,28,43,47,2,9,,,,,132.0,4-1,,,local
2009-11-27,303,5,8,13,15,33,8,9,,,,,74.0,4-1,,,local
2009-12-04,304,18,19,25,30,44,1,3,,,,,136.0,2-3,,,local
2009-12-11,305,20,41,43,44,46,2,9,,,,,194.0,2-3,,,local
2009-12-18,306,14,30,32,35,49,3,8,,,,,160.0,2-3,,,local
2009-12-25,307,4,5,14,17,34,3,5,,,,,74.0,2-3,,,local
2010-01-01,308,9,22,24,27,36,5,7,,,,,118.0,2-3,,,local
2010-01-08,309,4,5,14,44,46,8,9,,,,,113.0,1-4,,,local
2010-01-15,310,11,26,29,49,50,4,7,,,,,165.0,3-2,,,local
2010-01-22,311,4,22,27,36,44,7,9,,,,,133.0,1-4,,,local
2010-01-29,312,9,17,30,39,43,5,7,,,,,138.0,4-1,,,local
2010-02-05,313,34,35,38,39,46,3,4,,,,,192.0,2-3,,,local
2010-02-12,314,1,5,18,38,45,4,6,,,,,107.0,3-2,,,local
2010-02-19,315,12,31,37,38,43,2,3,,,,,161.0,3-2,,,local
2010-02-26,316,7,11,18,29,42,6,7,,,,,107.0,3-2,,,local
2010-03-05,317,12,18,19,43,49,3,9,,,,,141.0,3-2,,,local
2010-03-12,318,1,26,33,36,46,6,7,,,,,142.0,2-3,,,local
2010-03-19,319,10,28,30,38,39,2,7,,,,,145.0,1-4,,,local
2010-03-26,320,8,16,18,37,43,2,6,,,,,122.0,2-3,,,local
2010-04-02,321,12,18,24,26,45,4,5,,,,,125.0,1-4,,,local
2010-04-09,322,7,21,23,24,44,3,4,,,,,119.0,3-2,,,local
2010-04-16,323,9,11,17,26,40,3,9,,,,,103.0,3-2,,,local
2010-04-23,324,3,7,8,43,46,6,8,,,,,107.0,3-2,,,local
2010-04-30,325,6,22,24,25,36,3,8,,,,,113.0,1-4,,,local
2010-05-07,326,3,6,15,21,32,7,9,,,,,77.0,3-2,,,local
2010-05-14,327,1,17,31,43,47,2,3,,,,,139.0,5-0,,,local
2010-05-21,328,7,19,30,38,50,4,7,,,,,144.0,2-3,,,local
2010-05-28,329,4,9,31,32,33,3,7,,,,,109.0,3-2,,,local
2010-06-04,330,4,17,34,40,42,4,9,,,,,137.0,1-4,,,local
2010-06-11,331,2,22,24,36,44,1,2,,,,,128.0,0-5,,,local
2010-06-18,332,2,29,31,32,38,1,4,,,,,132.0,2-3,,,local
2010-06-25,333,1,8,18,28,31,8,9,,,,,86.0,2-3,,,local
2010-07-02,334,12,13,36,41,46,1,8,,,,,148.0,2-3,,,local
2010-07-09,335,9,24,37,39,49,3,9,,,,,158.0,4-1,,,local
2010-07-16,336,38,39,45,46,49,7,8,,,,,217.0,3-2,,,local
2010-07-23,337,4,13,35,37,46,3,9,,,,,135.0,3-2,,,local
2010-07-30,338,3,4,11,28,39,2,8,,,,,85.0,3-2,,,local
2010-08-06,339,13,25,28,29,42,4,5,,,,,137.0,3-2,,,local
2010-08-13,340,4,9,15,21,47,2,7,,,,,96.0,4-1,,,local
2010-08-20,341,5,27,31,40,42,1,6,,,,,145.0,3-2,,,local
2010-08-27,342,1,6,13,30,49,1,9,,,,,99.0,3-2,,,local
2010-09-03,343,13,24,26,47,49,4,8,,,,,159.0,3-2,,,local
2010-09-10,344,17,21,35,41,45,1,5,,,,,159.0,5-0,,,local
2010-09-17,345,17,27,29,38,50,1,3,,,,,161.0,3-2,,,local
2010-09-24,346,1,4,16,40,48,1,9,,,,,109.0,1-4,,,local
2010-10-01,347,1,4,6,27,48,1,6,,,,,86.0,2-3,,,local
2010-10-08,348,9,30,35,39,46,6,8,,,,,159.0,3-2,2010-10-09 02:00:05,,local
2010-10-15,349,2,31,36,38,43,3,7,,,,,150.0,2-3,2010-10-16 02:00:02,,local
2010-10-22,350,4,5,9,11,39,3,5,,,,,68.0,4-1,2010-10-23 02:00:02,,local
2010-10-29,351,16,20,22,32,42,8,9,,,,,132.0,0-5,2010-10-30 02:00:05,,local
2010-11-05,352,21,23,33,40,50,4,5,,,,,167.0,3-2,2010-11-13 02:00:05,,local
2010-11-12,353,7,19,23,29,47,1,6,,,,,125.0,5-0,2010-11-13 02:00:05,,local
2010-11-19,354,12,15,32,36,45,7,9,,,,,140.0,2-3,2010-11-20 02:00:03,,local
2010-11-26,355,9,28,36,41,49,5,7,,,,,163.0,3-2,2010-11-27 02:00:08,,local
2010-12-03,356,8,19,28,32,46,4,7,,,,,133.0,1-4,2010-12-04 02:00:03,,local
2010-12-10,357,2,3,10,33,46,7,8,,,,,94.0,2-3,2010-12-11 02:00:04,,local
2010-12-17,358,3,20,29,35,42,3,8,,,,,129.0,3-2,2010-12-18 12:43:02,,local
2010-12-24,359,19,36,38,42,46,2,8,,,,,181.0,1-4,2010-12-25 02:00:02,,local
2010-12-31,360,2,24,34,38,43,1,7,,,,,141.0,1-4,2011-01-01 02:00:02,,local
2011-01-07,361,1,22,32,48,50,6,7,,,,,153.0,1-4,2011-01-08 02:00:02,,local
2011-01-14,362,2,14,24,39,44,6,7,,,,,123.0,1-4,2011-01-15 02:00:02,,local
2011-01-21,363,3,11,13,18,21,4,5,,,,,66.0,4-1,2011-01-22 02:00:02,,local
2011-01-28,364,13,23,24,41,42,1,5,,,,,143.0,3-2,2011-01-29 11:58:02,,local
2011-02-04,365,2,11,24,35,47,5,9,,,,,119.0,3-2,2011-02-05 02:00:03,,local
2011-02-11,366,12,14,15,19,23,7,8,,,,,83.0,3-2,2011-02-12 02:00:02,,local
2011-02-18,367,2,3,15,45,49,5,9,,,,,114.0,4-1,2011-02-19 02:00:02,,local
2011-02-25,368,12,13,42,45,48,3,9,,,,,160.0,2-3,2011-02-26 02:00:02,,local
2011-03-04,369,11,25,27,28,41,5,8,,,,,132.0,4-1,2011-03-05 12:12:01,,local
2011-03-11,370,17,19,24,37,46,2,7,,,,,143.0,3-2,2011-03-12 02:00:02,,local
2011-03-18,371,1,13,20,26,50,6,7,,,,,110.0,2-3,2011-03-19 02:00:03,,local
2011-03-25,372,6,12,21,27,33,3,7,,,,,99.0,3-2,2011-03-26 02:00:02,,local
2011-04-01,373,4,17,21,22,33,4,8,,,,,97.0,3-2,2011-04-02 02:00:05,,local
2011-04-08,374,21,23,38,47,50,2,6,,,,,179.0,3-2,2011-04-09 02:00:02,,local
2011-04-15,375,4,6,21,39,41,2,6,,,,,111.0,3-2,2011-04-16 02:00:07,,local
2011-04-22,376,11,22,36,45,48,1,4,,,,,162.0,2-3,2011-04-23 02:00:03,,local
2011-04-29,377,15,25,38,40,41,1,2,,,,,159.0,3-2,2011-04-30 02:00:02,,local
2011-05-06,378,11,16,20,22,28,4,9,,,,,97.0,1-4,2011-05-07 02:00:02,,local
2011-05-10,379,3,10,15,28,45,5,7,,,,,101.0,3-2,2011-05-11 02:00:03,,local
2011-05-13,380,9,11,17,36,47,1,2,,,,,120.0,4-1,2011-05-14 02:00:02,,local
2011-05-17,381,20,21,37,45,46,2,3,,,,,169.0,3-2,2011-05-18 02:00:02,,local
2011-05-20,382,10,14,20,25,42,8,11,,,,,111.0,1-4,2011-05-21 02:00:02,,local
2011-05-24,383,16,23,24,26,29,2,9,,,,,118.0,2-3,2011-05-25 02:00:02,,local
2011-05-27,384,9,17,25,28,49,8,9,,,,,128.0,4-1,2011-05-28 02:00:02,,local
2011-05-31,385,1,9,10,22,50,5,11,,,,,92.0,2-3,2011-06-01 02:00:06,,local
2011-06-03,386,4,39,40,49,50,2,5,,,,,182.0,2-3,2011-06-04 02:00:02,,local
2011-06-07,387,6,25,36,38,40,4,10,,,,,145.0,1-4,2011-06-08 02:00:03,,local
2011-06-10,388,3,19,20,37,48,8,11,,,,,127.0,3-2,2011-06-11 02:00:02,,local
2011-06-14,389,5,12,19,41,48,8,10,,,,,125.0,3-2,2011-06-15 02:00:07,,local
2011-06-17,390,11,16,21,22,44,3,8,,,,,114.0,2-3,2011-06-18 02:00:03,,local
2011-06-21,391,17,20,35,49,50,3,4,,,,,171.0,3-2,2011-06-22 02:00:02,,local
2011-06-24,392,5,16,20,30,41,6,11,,,,,112.0,2-3,2011-06-25 02:00:04,,local
2011-06-28,393,15,16,30,44,50,2,3,,,,,155.0,1-4,2011-06-29 02:00:03,,local
2011-07-01,394,8,11,23,31,46,8,9,,,,,119.0,3-2,2011-07-02 02:00:02,,local
2011-07-05,395,11,28,29,47,49,1,5,,,,,164.0,4-1,2011-07-06 02:00:02,,local
2011-07-08,396,12,13,23,40,49,7,10,,,,,137.0,3-2,2011-07-09 02:00:02,,local
2011-07-12,397,17,19,38,42,45,9,10,,,,,161.0,3-2,2011-07-13 02:00:02,,local
2011-07-15,398,6,26,33,34,39,3,4,,,,,138.0,2-3,2011-07-16 02:00:02,,local
2011-07-19,399,3,16,25,26,35,5,9,,,,,105.0,3-2,2011-07-20 02:00:03,,local
2011-07-22,400,4,15,23,49,50,2,6,,,,,141.0,3-2,2011-07-23 02:00:02,,local
2011-07-26,401,1,5,22,25,48,3,11,,,,,101.0,3-2,2011-07-27 02:00:02,,local
2011-07-29,402,12,19,27,37,38,5,10,,,,,133.0,3-2,2011-07-30 02:00:02,,local
2011-08-02,403,5,8,14,24,33,3,8,,,,,84.0,2-3,2011-08-03 02:00:02,,local
2011-08-05,404,13,14,18,32,34,1,10,,,,,111.0,1-4,2011-08-06 02:00:02,,local
2011-08-09,405,7,23,24,34,36,8,11,,,,,124.0,2-3,2011-08-10 02:00:02,,local
2011-08-12,406,7,10,20,27,37,4,7,,,,,101.0,3-2,2011-08-13 02:00:02,,local
2011-08-16,407,1,13,17,18,45,3,8,,,,,94.0,4-1,2011-08-17 02:00:02,,local
2011-08-19,408,6,14,16,28,31,2,11,,,,,95.0,1-4,2011-08-20 02:00:03,,local
2011-08-23,409,4,6,14,42,50,2,4,,,,,116.0,0-5,2011-08-24 02:00:03,,local
2011-08-26,410,12,22,25,33,45,5,7,,,,,137.0,3-2,2011-08-27 02:00:02,,local
2011-08-30,411,2,8,10,19,46,5,9,,,,,85.0,1-4,2011-08-31 02:00:02,,local
2011-09-02,412,12,26,37,38,44,4,7,,,,,157.0,1-4,2011-09-03 02:00:03,,local
2011-09-06,413,35,42,47,48,50,8,9,,,,,222.0,2-3,2011-09-07 02:00:03,,local
2011-09-09,414,5,21,28,31,34,1,2,,,,,119.0,3-2,2011-09-10 02:00:03,,local
2011-09-13,415,9,28,30,32,49,9,10,,,,,148.0,2-3,2011-09-14 02:00:03,,local
2011-09-16,416,2,8,17,39,42,3,10,,,,,108.0,2-3,2011-09-17 02:00:02,,local
2011-09-20,417,9,19,25,36,38,7,11,,,,,127.0,3-2,2011-09-21 02:00:04,,local
2011-09-23,418,6,14,33,34,48,2,6,,,,,135.0,1-4,2011-09-24 02:00:02,,local
2011-09-27,419,18,27,28,35,40,3,5,,,,,148.0,2-3,2011-09-28 02:00:03,,local
2011-09-30,420,5,15,28,31,44,1,6,,,,,123.0,3-2,2011-10-01 02:00:02,,local
2011-10-04,421,14,16,23,38,45,8,11,,,,,136.0,2-3,2011-10-05 02:00:03,,local
2011-10-07,422,18,26,34,38,42,5,8,,,,,158.0,0-5,2011-10-08 02:00:02,,local
2011-10-11,423,1,4,12,16,48,9,10,,,,,81.0,1-4,2011-10-12 02:00:03,,local
2011-10-14,424,12,23,29,32,47,3,5,,,,,143.0,3-2,2011-10-15 02:00:02,,local
2011-10-18,425,18,23,37,46,48,2,10,,,,,172.0,2-3,2011-10-19 02:00:02,,local
2011-10-21,426,2,19,33,37,46,5,8,,,,,137.0,3-2,2011-10-22 02:00:03,,local
2011-10-25,427,12,22,27,28,39,4,10,,,,,128.0,2-3,2011-10-26 02:00:02,,local
2011-10-28,428,16,17,20,39,50,4,8,,,,,142.0,2-3,2011-10-29 02:00:02,,local
2011-11-01,429,14,20,23,45,46,1,11,,,,,148.0,2-3,2011-11-02 02:00:02,,local
2011-11-04,430,11,14,41,43,50,2,9,,,,,159.0,3-2,2011-11-05 02:00:03,,local
2011-11-08,431,1,4,15,29,40,1,5,,,,,89.0,3-2,2011-11-09 02:00:02,,local
2011-11-11,432,1,4,18,23,30,3,7,,,,,76.0,2-3,2011-11-12 02:00:03,,local
2011-11-15,433,6,17,22,45,47,3,11,,,,,137.0,3-2,2011-11-16 02:00:02,,local
2011-11-18,434,4,12,24,39,44,2,4,,,,,123.0,1-4,2011-11-19 02:00:02,,local
2011-11-22,435,16,18,24,38,40,2,4,,,,,136.0,0-5,2011-11-23 02:00:03,,local
2011-11-25,436,14,19,26,28,34,5,8,,,,,121.0,1-4,2011-11-26 02:00:02,,local
2011-11-29,437,11,25,41,45,50,2,7,,,,,172.0,4-1,2011-11-30 02:00:03,,local
2011-12-02,438,7,27,30,40,43,8,9,,,,,147.0,3-2,2011-12-03 02:00:02,,local
2011-12-06,439,19,20,21,34,38,3,9,,,,,132.0,2-3,2011-12-07 02:00:03,,local
2011-12-09,440,12,21,29,44,47,1,2,,,,,153.0,3-2,2011-12-10 02:00:02,,local
2011-12-13,441,7,12,18,33,37,1,11,,,,,107.0,3-2,2011-12-14 02:00:03,,local
2011-12-16,442,2,5,10,23,31,2,5,,,,,71.0,3-2,2011-12-17 02:00:03,,local
2011-12-20,443,1,9,12,14,48,1,7,,,,,84.0,2-3,2011-12-21 02:00:03,,local
2011-12-23,444,7,21,22,24,28,1,11,,,,,102.0,2-3,2011-12-24 02:00:02,,local
2011-12-27,445,19,21,25,26,44,3,7,,,,,135.0,3-2,2011-12-28 02:00:04,,local
2011-12-30,446,16,36,43,44,50,7,8,,,,,189.0,1-4,2011-12-31 02:00:07,,local
2012-01-03,447,3,30,42,45,49,5,10,,,,,169.0,3-2,2012-01-04 02:00:02,,local
2012-01-06,448,1,6,10,12,31,2,7,,,,,60.0,2-3,2012-01-07 02:00:03,,local
2012-01-10,449,4,9,10,30,40,2,9,,,,,93.0,1-4,2012-01-11 02:00:02,,local
2012-01-13,450,13,14,21,27,39,6,8,,,,,114.0,4-1,2012-01-14 02:00:02,,local
2012-01-17,451,12,22,30,31,44,5,6,,,,,139.0,1-4,2012-01-18 02:00:04,,local
2012-01-20,452,2,10,22,27,28,6,8,,,,,89.0,1-4,2012-01-21 02:00:02,,local
2012-01-24,453,1,2,6,20,36,8,11,,,,,65.0,1-4,2012-01-25 02:00:04,,local
2012-01-27,454,10,13,19,39,44,2,6,,,,,125.0,3-2,2012-01-28 02:00:02,,local
2012-01-31,455,9,34,38,43,45,2,4,,,,,169.0,3-2,2012-02-01 02:00:02,,local
2012-02-03,456,16,19,20,25,28,1,10,,,,,108.0,2-3,2012-02-04 02:00:02,,local
2012-02-07,457,3,15,17,28,33,2,4,,,,,96.0,4-1,2012-02-08 02:00:03,,local
2012-02-10,458,3,8,14,31,41,7,11,,,,,97.0,3-2,2012-02-11 02:00:03,,local
2012-02-14,459,14,27,36,42,46,8,11,,,,,165.0,1-4,2012-02-15 02:00:02,,local
2012-02-17,460,4,11,28,38,47,10,11,,,,,128.0,2-3,2012-02-18 02:00:03,,local
2012-02-21,461,11,14,24,25,29,7,11,,,,,103.0,3-2,2012-02-22 02:00:03,,local
2012-02-24,462,3,7,12,26,34,8,10,,,,,82.0,2-3,2012-02-25 02:00:03,,local
2012-02-28,463,1,10,17,33,48,2,3,,,,,109.0,3-2,2012-02-29 02:00:02,,local
2012-03-02,464,5,6,11,30,44,2,6,,,,,96.0,2-3,2012-03-03 02:00:02,,local
2012-03-06,465,23,24,27,37,47,2,6,,,,,158.0,4-1,2012-03-07 02:00:03,,local
2012-03-09,466,3,32,36,39,47,6,9,,,,,157.0,3-2,2012-03-10 03:00:03,,local
2012-03-13,467,1,10,25,43,47,8,9,,,,,126.0,4-1,2012-03-14 03:00:02,,local
2012-03-16,468,3,4,12,23,50,4,7,,,,,92.0,2-3,2012-03-17 03:00:02,,local
2012-03-20,469,15,16,28,30,46,3,4,,,,,135.0,1-4,2012-03-21 04:00:02,,local
2012-03-23,470,9,15,23,31,50,8,11,,,,,128.0,4-1,2012-03-24 02:00:07,,local
2012-03-27,471,24,27,29,34,36,7,8,,,,,150.0,2-3,2012-03-28 02:00:07,,local
2012-03-30,472,4,17,23,36,46,6,10,,,,,126.0,2-3,2012-03-31 02:00:02,,local
2012-04-03,473,1,8,18,25,30,9,10,,,,,82.0,2-3,2012-04-04 02:00:03,,local
2012-04-06,474,11,20,30,35,45,2,3,,,,,141.0,3-2,2012-04-07 02:00:03,,local
2012-04-10,475,22,25,27,36,37,5,9,,,,,147.0,3-2,2012-04-11 02:00:03,,local
2012-04-13,476,8,13,26,39,43,3,5,,,,,129.0,3-2,2012-04-14 02:00:03,,local
2012-04-17,477,10,28,33,48,49,1,10,,,,,168.0,2-3,2012-04-18 02:00:03,,local
2012-04-20,478,3,6,29,32,41,10,11,,,,,111.0,3-2,2012-04-21 02:00:07,,local
2012-04-24,479,8,9,24,43,48,3,5,,,,,132.0,2-3,2012-04-25 02:00:03,,local
2012-04-27,480,20,27,30,36,43,1,6,,,,,156.0,2-3,2012-04-28 02:00:04,,local
2012-05-01,481,4,5,15,19,41,9,11,,,,,84.0,4-1,2012-05-02 02:00:03,,local
2012-05-04,482,3,26,39,40,41,1,2,,,,,149.0,3-2,2012-05-05 02:00:03,,local
2012-05-08,483,3,21,34,38,48,5,8,,,,,144.0,2-3,2012-05-09 02:00:02,,local
2012-05-11,484,1,13,17,38,44,2,11,,,,,113.0,3-2,2012-05-12 02:00:02,,local
2012-05-15,485,2,11,13,26,50,2,5,,,,,102.0,2-3,2012-05-16 02:00:03,,local
2012-05-18,486,13,29,43,47,50,9,11,,,,,182.0,4-1,2012-05-19 02:00:02,,local
2012-05-22,487,16,31,32,37,41,1,7,,,,,157.0,3-2,2012-05-23 02:00:02,,local
2012-05-25,488,12,22,35,46,49,2,8,,,,,164.0,2-3,2012-05-26 02:00:03,,local
2012-05-29,489,8,15,17,25,28,3,11,,,,,93.0,3-2,2012-05-30 02:00:03,,local
2012-06-01,490,2,4,14,26,36,9,10,,,,,82.0,0-5,2012-06-02 02:00:02,,local
2012-06-05,491,13,34,37,47,49,8,9,,,,,180.0,4-1,2012-06-06 02:00:03,,local
2012-06-08,492,5,11,22,34,40,9,11,,,,,112.0,2-3,2012-06-09 02:00:02,,local
2012-06-12,493,8,15,26,30,48,9,10,,,,,127.0,1-4,2012-06-13 02:00:02,,local
2012-06-15,494,10,22,27,38,48,3,7,,,,,145.0,1-4,2012-06-16 02:00:03,,local
2012-06-19,495,7,17,20,35,50,5,11,,,,,129.0,3-2,2012-06-20 02:00:02,,local
2012-06-22,496,14,18,19,43,49,3,7,,,,,143.0,3-2,2012-06-23 02:00:02,,local
2012-06-26,497,1,11,20,22,35,8,10,,,,,89.0,3-2,2012-06-27 02:00:18,,local
2012-06-29,498,14,17,28,29,39,1,11,,,,,127.0,3-2,2012-06-30 02:00:03,,local
2012-07-03,499,2,7,22,27,40,3,6,,,,,98.0,2-3,2012-07-04 02:00:03,,local
2012-07-06,500,31,32,38,40,42,1,3,,,,,183.0,1-4,2012-07-07 02:00:02,,local
2012-07-10,501,1,3,16,24,37,1,8,,,,,81.0,3-2,2012-07-11 02:00:02,,local
2012-07-13,502,8,18,25,35,46,4,9,,,,,132.0,2-3,2012-07-14 02:00:02,,local
2012-07-17,503,2,7,24,43,46,8,10,,,,,122.0,2-3,2012-07-18 02:00:03,,local
2012-07-20,504,10,19,23,45,49,9,10,,,,,146.0,4-1,2012-07-21 02:00:03,,local
2012-07-24,505,4,16,18,25,44,1,11,,,,,107.0,1-4,2012-07-25 02:00:02,,local
2012-07-27,506,14,15,21,23,48,2,10,,,,,121.0,3-2,2012-07-28 02:00:03,,local
2012-07-31,507,4,29,35,36,39,8,9,,,,,143.0,3-2,2012-08-01 02:00:02,,local
2012-08-03,508,24,34,35,42,46,1,5,,,,,181.0,1-4,2012-08-04 02:00:02,,local
2012-08-07,509,20,27,34,46,50,2,3,,,,,177.0,1-4,2012-08-08 02:00:02,,local
2012-08-10,510,11,17,21,48,50,9,10,,,,,147.0,3-2,2012-08-11 02:00:03,,local
2012-08-14,511,1,16,38,42,45,9,10,,,,,142.0,2-3,2012-08-15 02:00:02,,local
2012-08-17,512,19,25,28,33,44,2,8,,,,,149.0,3-2,2012-08-18 02:00:02,,local
2012-08-21,513,4,5,17,38,48,3,4,,,,,112.0,2-3,2012-08-22 02:00:02,,local
2012-08-24,514,5,6,12,19,37,3,7,,,,,79.0,3-2,2012-08-25 02:00:03,,local
2012-08-28,515,1,18,25,26,44,4,5,,,,,114.0,2-3,2012-08-29 02:00:03,,local
2012-08-31,516,16,28,31,33,48,7,11,,,,,156.0,2-3,2012-09-01 02:00:03,,local
2012-09-04,517,11,17,18,39,44,5,10,,,,,129.0,3-2,2012-09-05 02:00:02,,local
2012-09-07,518,13,15,30,35,42,4,6,,,,,135.0,3-2,2012-09-08 02:00:03,,local
2012-09-11,519,6,15,22,37,44,2,4,,,,,124.0,2-3,2012-09-12 02:00:02,,local
2012-09-14,520,3,10,23,27,44,7,9,,,,,107.0,3-2,2012-09-15 02:00:03,,local
2012-09-18,521,6,7,38,39,44,7,9,,,,,134.0,2-3,2012-09-19 02:00:02,,local
2012-09-21,522,4,19,34,41,43,7,11,,,,,141.0,3-2,2012-09-22 02:00:02,,local
2012-09-25,523,7,25,27,48,49,1,4,,,,,156.0,4-1,2012-09-26 02:00:02,,local
2012-09-28,524,20,23,26,30,33,6,9,,,,,132.0,2-3,2012-09-29 02:00:02,,local
2012-10-02,525,4,16,21,36,42,7,8,,,,,119.0,1-4,2012-10-03 02:00:02,,local
2012-10-05,526,9,16,18,19,21,2,3,,,,,83.0,3-2,2012-10-06 02:00:02,,local
2012-10-09,527,2,8,10,23,25,8,9,,,,,68.0,2-3,2012-10-10 02:00:02,,local
2012-10-12,528,6,7,17,35,43,2,8,,,,,108.0,4-1,2012-10-13 02:00:02,,local
2012-10-16,529,10,32,40,41,49,2,8,,,,,172.0,2-3,2012-10-17 02:00:02,,local
2012-10-19,530,16,29,37,40,44,8,10,,,,,166.0,2-3,2012-10-20 02:00:03,,local
2012-10-23,531,1,28,35,38,50,2,10,,,,,152.0,2-3,2012-10-24 02:00:02,,local
2012-10-26,532,5,6,9,27,38,5,11,,,,,85.0,3-2,2012-10-27 02:00:02,,local
2012-10-30,533,23,24,25,31,44,2,3,,,,,147.0,3-2,2012-10-31 02:00:02,,local
2012-11-02,534,3,6,10,11,44,3,4,,,,,74.0,2-3,2012-11-03 02:00:02,,local
2012-11-06,535,7,20,25,35,41,1,9,,,,,128.0,4-1,2012-11-07 02:00:03,,local
2012-11-09,536,14,21,22,28,47,4,5,,,,,132.0,2-3,2012-11-10 02:00:01,,local
2012-11-13,537,11,16,21,24,29,2,6,,,,,101.0,3-2,2012-11-14 02:00:02,,local
2012-11-16,538,10,15,19,23,41,2,9,,,,,108.0,4-1,2012-11-17 02:00:02,,local
2012-11-20,539,28,30,42,45,49,5,10,,,,,194.0,2-3,2012-11-21 02:00:03,,local
2012-11-23,540,1,9,11,20,40,1,5,,,,,81.0,3-2,2012-11-24 02:00:05,,local
2012-11-27,541,6,10,23,44,49,1,7,,,,,132.0,2-3,2012-11-28 02:00:05,,local
2012-11-30,542,10,18,23,24,40,3,4,,,,,115.0,1-4,2012-12-01 02:00:02,,local
2012-12-04,543,5,10,28,29,44,2,4,,,,,116.0,2-3,2012-12-05 02:00:03,,local
2012-12-07,544,10,16,18,31,42,2,5,,,,,117.0,1-4,2012-12-08 02:00:02,,local
2012-12-11,545,1,4,9,43,50,6,8,,,,,107.0,3-2,2012-12-12 02:00:03,,local
2012-12-14,546,10,11,29,40,43,3,11,,,,,133.0,3-2,2012-12-15 02:00:03,,local
2012-12-18,547,14,18,20,35,44,2,5,,,,,131.0,1-4,2012-12-19 02:00:02,,local
2012-12-21,548,3,5,22,40,42,3,10,,,,,112.0,2-3,2012-12-22 02:00:03,,local
2012-12-25,549,14,18,20,23,32,3,10,,,,,107.0,1-4,2012-12-26 02:00:02,,local
2012-12-28,550,17,24,26,27,49,3,5,,,,,143.0,3-2,2012-12-29 02:00:02,,local
2013-01-01,551,2,7,8,36,49,1,11,,,,,102.0,2-3,2013-01-02 02:00:03,,local
2013-01-04,552,4,10,22,27,41,8,10,,,,,104.0,2-3,2013-01-05 02:00:02,,local
2013-01-08,553,2,20,22,26,47,5,9,,,,,117.0,1-4,2013-01-09 02:00:03,,local
2013-01-11,554,4,22,29,37,41,4,7,,,,,133.0,3-2,2013-01-12 02:00:02,,local
2013-01-15,555,22,38,40,42,47,1,11,,,,,189.0,1-4,2013-01-16 02:00:02,,local
2013-01-18,556,4,26,27,30,39,3,10,,,,,126.0,2-3,2013-01-19 02:00:02,,local
2013-01-22,557,1,10,44,45,48,1,4,,,,,148.0,2-3,2013-01-23 02:00:02,,local
2013-01-25,558,3,10,18,31,37,2,4,,,,,99.0,3-2,2013-01-26 02:00:02,,local
2013-01-29,559,9,16,26,36,39,2,6,,,,,126.0,2-3,2013-01-30 02:00:03,,local
2013-02-01,560,5,21,34,37,38,1,6,,,,,135.0,3-2,2013-02-02 02:00:02,,local
2013-02-05,561,6,25,31,40,45,6,7,,,,,147.0,3-2,2013-02-06 02:00:02,,local
2013-02-08,562,9,11,14,34,44,10,11,,,,,112.0,2-3,2013-02-09 02:00:02,,local
2013-02-12,563,5,11,16,25,28,7,9,,,,,85.0,3-2,2013-02-13 02:00:02,,local
2013-02-15,564,2,4,22,28,42,4,9,,,,,98.0,0-5,2013-02-16 02:00:03,,local
2013-02-19,565,12,15,28,30,44,8,9,,,,,129.0,1-4,2013-02-20 02:00:05,,local
2013-02-22,566,15,16,28,36,37,2,11,,,,,132.0,2-3,2013-02-23 02:00:03,,local
2013-02-26,567,3,12,13,17,30,2,6,,,,,75.0,3-2,2013-02-27 02:00:03,,local
2013-03-01,568,1,11,29,36,42,4,5,,,,,119.0,3-2,2013-03-02 02:00:07,,local
2013-03-05,569,8,19,31,33,39,2,7,,,,,130.0,4-1,2013-03-06 02:00:03,,local
2013-03-08,570,3,20,23,28,42,8,11,,,,,116.0,2-3,2013-03-09 02:00:02,,local
2013-03-12,571,2,4,10,22,50,5,8,,,,,88.0,0-5,2013-03-13 02:00:02,,local
2013-03-15,572,4,14,21,24,39,3,10,,,,,102.0,2-3,2013-03-16 02:00:03,,local
2013-03-19,573,19,32,35,37,44,1,9,,,,,167.0,3-2,2013-03-20 02:00:02,,local
2013-03-22,574,12,27,32,34,49,8,9,,,,,154.0,2-3,2013-03-23 02:00:03,,local
2013-03-26,575,4,26,30,42,44,6,11,,,,,146.0,0-5,2013-03-27 02:00:02,,local
2013-03-29,576,13,30,43,44,46,5,9,,,,,176.0,2-3,2013-03-30 02:00:03,,local
2013-04-02,577,12,17,25,29,41,1,4,,,,,124.0,4-1,2013-04-03 02:00:02,,local
2013-04-05,578,1,11,17,32,39,2,7,,,,,100.0,4-1,2013-04-06 02:00:02,,local
2013-04-09,579,15,35,38,44,48,5,10,,,,,180.0,2-3,2013-04-10 02:00:02,,local
2013-04-12,580,5,10,15,28,45,3,9,,,,,103.0,3-2,2013-04-13 02:00:03,,local
2013-04-16,581,1,11,22,33,50,4,6,,,,,117.0,3-2,2013-04-17 02:00:02,,local
2013-04-19,582,1,8,42,46,48,4,7,,,,,145.0,1-4,2013-04-20 02:00:02,,local
2013-04-23,583,1,4,7,10,50,4,11,,,,,72.0,2-3,2013-04-24 02:00:02,,local
2013-04-26,584,11,16,24,38,40,2,5,,,,,129.0,1-4,2013-04-27 02:00:02,,local
2013-04-30,585,13,36,40,43,50,5,9,,,,,182.0,2-3,2013-05-01 02:00:02,,local
2013-05-03,586,3,5,34,40,49,2,3,,,,,131.0,3-2,2013-05-04 02:00:02,,local
2013-05-07,587,13,27,28,42,43,4,6,,,,,153.0,3-2,2013-05-08 02:00:02,,local
2013-05-10,588,1,32,35,45,48,4,11,,,,,161.0,3-2,2013-05-11 02:00:02,,local
2013-05-14,589,7,8,24,27,36,5,11,,,,,102.0,2-3,2013-05-15 02:00:03,,local
2013-05-17,590,6,20,24,25,50,9,10,,,,,125.0,1-4,2013-05-18 02:00:03,,local
2013-05-21,591,7,8,19,28,29,5,9,,,,,91.0,3-2,2013-05-22 02:00:02,,local
2013-05-24,592,7,17,22,27,40,2,3,,,,,113.0,3-2,2013-05-25 02:00:02,,local
2013-05-28,593,8,13,26,34,38,3,11,,,,,119.0,1-4,2013-05-29 02:00:03,,local
2013-05-31,594,27,28,29,34,43,5,10,,,,,161.0,3-2,2013-06-01 02:00:02,,local
2013-06-04,595,31,33,34,37,40,1,6,,,,,175.0,3-2,2013-06-05 02:00:02,,local
2013-06-07,596,7,14,26,45,50,2,7,,,,,142.0,2-3,2013-06-08 02:00:02,,local
2013-06-11,597,5,7,9,25,41,1,5,,,,,87.0,5-0,2013-06-12 02:00:02,,local
2013-06-14,598,10,25,41,47,48,6,10,,,,,171.0,3-2,2013-06-15 02:00:03,,local
2013-06-18,599,17,24,33,41,44,1,11,,,,,159.0,3-2,2013-06-19 02:00:03,,local
2013-06-21,600,10,11,30,36,45,1,2,,,,,132.0,2-3,2013-06-22 02:00:02,,local
2013-06-25,601,4,5,13,27,35,1,2,,,,,84.0,4-1,2013-06-26 02:00:02,,local
2013-06-28,602,1,15,28,35,47,1,7,,,,,126.0,4-1,2013-06-29 02:00:02,,local
2013-07-02,603,11,13,14,28,30,4,5,,,,,96.0,2-3,2013-07-03 02:00:02,,local
2013-07-05,604,4,12,15,28,33,1,10,,,,,92.0,2-3,2013-07-06 02:00:02,,local
2013-07-09,605,16,18,31,38,49,4,10,,,,,152.0,2-3,2013-07-10 02:00:02,,local
2013-07-12,606,18,26,32,33,42,2,3,,,,,151.0,1-4,2013-07-13 02:00:02,,local
2013-07-16,607,19,23,34,47,50,4,6,,,,,173.0,3-2,2013-07-17 02:00:02,,local
2013-07-19,608,13,16,24,26,35,2,5,,,,,114.0,2-3,2013-07-20 02:00:02,,local
2013-07-23,609,14,15,16,19,44,4,5,,,,,108.0,2-3,2013-07-24 02:00:02,,local
2013-07-26,610,12,23,29,38,49,3,4,,,,,151.0,3-2,2013-07-27 02:00:02,,local
2013-07-30,611,3,4,11,14,43,1,6,,,,,75.0,3-2,2013-07-31 02:00:03,,local
2013-08-02,612,21,36,37,42,48,4,7,,,,,184.0,2-3,2013-08-03 02:00:03,,local
2013-08-06,613,16,17,31,47,49,3,11,,,,,160.0,4-1,2013-08-07 02:00:03,,local
2013-08-09,614,4,7,9,23,24,8,9,,,,,67.0,3-2,2013-08-10 02:00:08,,local
2013-08-13,615,5,17,20,47,50,1,4,,,,,139.0,3-2,2013-08-14 02:00:02,,local
2013-08-16,616,20,24,27,37,39,5,10,,,,,147.0,3-2,2013-08-17 02:00:03,,local
2013-08-20,617,5,11,42,49,50,8,11,,,,,157.0,3-2,2013-08-21 02:00:03,,local
2013-08-23,618,1,6,26,30,37,5,8,,,,,100.0,2-3,2013-08-24 02:00:08,,local
2013-08-27,619,7,30,38,40,43,2,6,,,,,158.0,2-3,2013-08-28 02:00:03,,local
2013-08-30,620,2,17,25,36,45,5,9,,,,,125.0,3-2,2013-08-31 02:00:02,,local
2013-09-03,621,5,9,16,18,42,7,9,,,,,90.0,2-3,2013-09-04 02:00:03,,local
2013-09-06,622,11,23,25,32,37,4,7,,,,,128.0,4-1,2013-09-07 02:00:03,,local
2013-09-10,623,7,11,14,28,30,2,10,,,,,90.0,2-3,2013-09-11 02:00:03,,local
2013-09-13,624,4,6,14,27,33,5,10,,,,,84.0,2-3,2013-09-14 02:00:04,,local
2013-09-17,625,13,17,21,42,44,9,11,,,,,137.0,3-2,2013-09-18 02:00:02,,local
2013-09-20,626,5,11,35,38,45,2,3,,,,,134.0,4-1,2013-09-21 02:00:03,,local
2013-09-24,627,10,20,26,28,43,9,11,,,,,127.0,1-4,2013-09-25 02:00:02,,local
2013-09-27,628,11,15,38,41,43,2,6,,,,,148.0,4-1,2013-09-28 02:00:03,,local
2013-10-01,629,19,23,25,44,48,8,9,,,,,159.0,3-2,2013-10-02 02:00:02,,local
2013-10-04,630,6,20,24,35,50,5,10,,,,,135.0,1-4,2013-10-05 02:00:02,,local
2013-10-08,631,23,24,26,33,42,3,5,,,,,148.0,2-3,2013-10-09 02:00:02,,local
2013-10-11,632,6,12,17,23,43,5,9,,,,,101.0,3-2,2013-10-12 02:00:03,,local
2013-10-15,633,18,27,39,43,47,4,7,,,,,174.0,4-1,2013-10-16 02:00:02,,local
2013-10-18,634,5,25,36,46,47,2,6,,,,,159.0,3-2,2013-10-19 02:00:02,,local
2013-10-22,635,29,33,39,41,44,9,11,,,,,186.0,4-1,2013-10-23 02:00:03,,local
2013-10-25,636,2,3,10,31,38,6,10,,,,,84.0,2-3,2013-10-26 02:00:02,,local
2013-10-29,637,9,10,30,32,37,2,6,,,,,118.0,2-3,2013-10-30 02:00:03,,local
2013-11-01,638,7,19,29,30,33,3,8,,,,,118.0,4-1,2013-11-02 02:00:03,,local
2013-11-05,639,6,12,13,35,38,2,3,,,,,104.0,2-3,2013-11-06 02:00:03,,local
2013-11-08,640,20,28,35,42,43,8,10,,,,,168.0,2-3,2013-11-09 02:00:03,,local
2013-11-12,641,14,29,37,40,48,2,11,,,,,168.0,2-3,2013-11-13 02:00:03,,local
2013-11-15,642,3,13,15,29,42,1,4,,,,,102.0,4-1,2013-11-16 02:00:03,,local
2013-11-19,643,14,15,19,36,45,1,10,,,,,129.0,3-2,2013-11-20 02:00:02,,local
2013-11-22,644,13,25,26,40,50,8,9,,,,,154.0,2-3,2013-11-23 02:00:02,,local
2013-11-26,645,19,23,27,42,44,3,5,,,,,155.0,3-2,2013-11-27 02:00:02,,local
2013-11-29,646,2,7,10,23,43,4,7,,,,,85.0,3-2,2013-11-30 02:00:03,,local
2013-12-03,647,6,13,15,29,32,2,9,,,,,95.0,3-2,2013-12-04 02:00:02,,local
2013-12-06,648,1,2,18,31,36,7,10,,,,,88.0,2-3,2013-12-07 02:00:03,,local
2013-12-10,649,6,24,35,49,50,1,7,,,,,164.0,2-3,2013-12-11 02:00:03,,local
2013-12-13,650,1,22,23,24,31,6,11,,,,,101.0,3-2,2013-12-14 02:00:02,,local
2013-12-17,651,6,8,27,37,41,7,10,,,,,119.0,3-2,2013-12-18 02:00:03,,local
2013-12-20,652,12,13,17,22,43,3,10,,,,,107.0,3-2,2013-12-21 02:00:02,,local
2013-12-24,653,5,19,31,43,50,2,6,,,,,148.0,4-1,2013-12-25 02:00:02,,local
2013-12-27,654,1,6,13,22,28,5,10,,,,,70.0,2-3,2013-12-28 02:00:03,,local
2013-12-31,655,13,20,24,29,45,3,7,,,,,131.0,3-2,2014-01-01 02:00:03,,local
2014-01-03,656,3,27,31,38,44,3,8,,,,,143.0,3-2,2014-01-04 02:00:03,,local
2014-01-07,657,2,20,27,33,45,6,10,,,,,127.0,3-2,2014-01-08 09:20:03,,local
2014-01-10,658,1,2,11,27,29,1,10,,,,,70.0,4-1,2014-01-11 10:31:02,,local
2014-01-14,659,18,20,25,26,37,10,11,,,,,126.0,2-3,2014-01-15 02:00:04,,local
2014-01-17,660,19,26,32,33,42,4,10,,,,,152.0,2-3,2014-01-18 02:00:03,,local
2014-01-21,661,4,12,35,42,48,5,8,,,,,141.0,1-4,2014-01-22 02:00:03,,local
2014-01-24,662,5,19,34,35,41,1,5,,,,,134.0,4-1,2014-01-25 02:00:03,,local
2014-01-28,663,18,20,23,42,48,2,9,,,,,151.0,1-4,2014-01-29 02:00:03,,local
2014-01-31,664,8,10,15,16,31,8,9,,,,,80.0,2-3,2014-02-01 02:00:02,,local
2014-02-04,665,1,21,33,37,38,4,8,,,,,130.0,4-1,2014-02-05 02:00:03,,local
2014-02-07,666,3,17,19,46,47,9,10,,,,,132.0,4-1,2014-02-08 02:00:02,,local
2014-02-11,667,8,17,25,41,47,1,2,,,,,138.0,4-1,2014-02-12 02:00:03,,local
2014-02-14,668,2,4,6,19,39,2,7,,,,,70.0,2-3,2014-02-15 02:00:03,,local
2014-02-18,669,23,26,36,37,49,6,7,,,,,171.0,3-2,2014-02-19 02:00:05,,local
2014-02-21,670,13,17,28,30,32,5,7,,,,,120.0,2-3,2014-02-22 02:00:03,,local
2014-02-25,671,21,25,28,35,42,4,6,,,,,151.0,3-2,2014-02-26 02:00:02,,local
2014-02-28,672,12,32,38,43,44,2,7,,,,,169.0,1-4,2014-03-01 02:00:03,,local
2014-03-04,673,3,5,22,27,44,1,6,,,,,101.0,3-2,2014-03-05 02:00:02,,local
2014-03-07,674,5,10,38,40,41,1,8,,,,,134.0,2-3,2014-03-08 02:00:02,,local
2014-03-11,675,1,4,23,33,44,7,8,,,,,105.0,3-2,2014-03-12 02:00:15,,local
2014-03-14,676,6,24,25,27,30,5,9,,,,,112.0,2-3,2014-03-15 02:00:07,,local
2014-03-18,677,8,27,34,36,39,5,10,,,,,144.0,2-3,2014-03-19 02:00:02,,local
2014-03-21,678,7,30,37,39,42,5,7,,,,,155.0,3-2,2014-03-22 02:00:18,,local
2014-03-25,679,7,20,26,28,50,2,8,,,,,131.0,1-4,2014-03-26 02:00:02,,local
2014-03-28,680,3,4,19,28,43,3,7,,,,,97.0,3-2,2014-03-29 02:00:02,,local
2014-04-01,681,16,18,26,38,44,8,10,,,,,142.0,0-5,2014-04-02 02:00:05,,local
2014-04-04,682,6,10,28,45,50,10,11,,,,,139.0,1-4,2014-04-05 02:00:03,,local
2014-04-08,683,11,18,29,42,49,4,11,,,,,149.0,3-2,2014-04-09 02:00:02,,local
2014-04-11,684,8,12,19,30,33,4,11,,,,,102.0,2-3,2014-04-12 02:00:02,,local
2014-04-15,685,3,14,26,47,50,7,11,,,,,140.0,2-3,2014-04-16 19:29:02,,local
2014-04-18,686,21,24,31,39,47,3,7,,,,,162.0,4-1,2014-04-19 02:00:03,,local
2014-04-22,687,13,15,20,24,46,1,8,,,,,118.0,2-3,2014-04-23 02:00:03,,local
2014-04-25,688,13,21,24,44,49,1,9,,,,,151.0,3-2,2014-04-26 02:00:04,,local
2014-04-29,689,18,23,26,35,44,3,11,,,,,146.0,2-3,2014-04-30 02:00:03,,local
2014-05-02,690,4,30,31,38,42,2,11,,,,,145.0,1-4,2014-05-03 02:00:03,,local
2014-05-06,691,5,19,24,31,37,1,9,,,,,116.0,4-1,2014-05-07 02:00:03,,local
2014-05-09,692,3,21,26,28,45,7,10,,,,,123.0,3-2,2014-05-10 02:00:02,,local
2014-05-13,693,4,13,30,34,47,2,6,,,,,128.0,2-3,2014-05-14 02:00:03,,local
2014-05-16,694,23,26,29,37,40,3,4,,,,,155.0,3-2,2014-05-17 02:00:04,,local
2014-05-20,695,5,33,36,38,47,4,9,,,,,159.0,3-2,2014-05-21 02:00:02,,local
2014-05-23,696,3,8,31,34,47,9,11,,,,,123.0,3-2,2014-05-24 02:00:07,,local
2014-05-27,697,7,13,16,25,26,1,6,,,,,87.0,3-2,2014-05-28 02:00:02,,local
2014-05-30,698,5,24,27,41,45,6,7,,,,,142.0,4-1,2014-05-31 02:00:03,,local
2014-06-03,699,2,15,32,39,44,5,10,,,,,132.0,2-3,2014-06-04 02:00:08,,local
2014-06-06,700,7,25,34,40,49,9,11,,,,,155.0,3-2,2014-06-07 02:00:03,,local
2014-06-10,701,12,18,21,32,33,1,11,,,,,116.0,2-3,2014-06-11 02:00:02,,local
2014-06-13,702,16,18,22,28,46,9,11,,,,,130.0,0-5,2014-06-14 02:00:02,,local
2014-06-17,703,11,13,37,40,48,8,9,,,,,149.0,3-2,2014-06-18 02:00:02,,local
2014-06-20,704,5,15,25,38,49,1,2,,,,,132.0,4-1,2014-06-21 02:00:02,,local
2014-06-24,705,1,7,20,21,48,4,7,,,,,97.0,3-2,2014-06-25 02:00:02,,local
2014-06-27,706,31,33,34,39,45,2,10,,,,,182.0,4-1,2014-06-28 02:00:03,,local
2014-07-01,707,18,22,25,27,39,5,10,,,,,131.0,3-2,2014-07-02 02:00:02,,local
2014-07-04,708,4,18,39,43,47,2,6,,,,,151.0,3-2,2014-07-05 02:00:03,,local
2014-07-08,709,8,18,22,24,27,4,11,,,,,99.0,1-4,2014-07-09 02:00:03,,local
2014-07-11,710,5,22,35,38,49,4,7,,,,,149.0,3-2,2014-07-12 02:00:02,,local
2014-07-15,711,15,18,20,27,34,1,3,,,,,114.0,2-3,2014-07-16 02:00:03,,local
2014-07-18,712,1,11,29,41,43,3,11,,,,,125.0,5-0,2014-07-19 02:00:02,,local
2014-07-22,713,1,24,43,45,50,5,8,,,,,163.0,3-2,2014-07-23 02:00:02,,local
2014-07-25,714,9,10,12,24,43,5,9,,,,,98.0,2-3,2014-07-26 11:20:03,,local
2014-07-29,715,10,23,35,40,43,3,9,,,,,151.0,3-2,2014-07-30 02:00:02,,local
2014-08-01,716,24,44,46,48,50,5,10,,,,,212.0,0-5,2014-08-02 02:00:02,,local
2014-08-05,717,5,7,19,21,42,5,11,,,,,94.0,4-1,2014-08-06 02:00:03,,local
2014-08-08,718,21,29,35,43,46,1,9,,,,,174.0,4-1,2014-08-09 02:00:03,,local
2014-08-12,719,7,16,19,22,33,2,5,,,,,97.0,3-2,2014-08-13 02:00:02,,local
2014-08-15,720,4,5,21,23,30,8,10,,,,,83.0,3-2,2014-08-16 02:00:03,,local
2014-08-19,721,4,7,11,34,47,7,8,,,,,103.0,3-2,2014-08-20 02:00:02,,local
2014-08-22,722,4,17,29,35,49,1,2,,,,,134.0,4-1,2014-08-23 02:00:02,,local
2014-08-26,723,10,22,36,45,48,4,11,,,,,161.0,1-4,2014-08-27 02:00:02,,local
2014-08-29,724,2,9,26,32,38,3,6,,,,,107.0,1-4,2014-08-30 02:00:02,,local
2014-09-02,725,5,25,31,39,45,1,8,,,,,145.0,5-0,2014-09-03 02:00:04,,local
2014-09-05,726,1,18,23,46,50,3,9,,,,,138.0,2-3,2014-09-06 02:00:03,,local
2014-09-09,727,8,15,19,24,35,8,10,,,,,101.0,3-2,2014-09-10 02:00:08,,local
2014-09-12,728,9,13,26,31,33,7,11,,,,,112.0,4-1,2014-09-13 02:00:03,,local
2014-09-16,729,4,29,30,35,50,2,4,,,,,148.0,2-3,2014-09-17 02:00:03,,local
2014-09-19,730,6,8,34,38,48,3,9,,,,,134.0,0-5,2014-09-20 02:00:04,,local
2014-09-23,731,12,13,14,29,35,1,7,,,,,103.0,3-2,2014-09-24 02:00:03,,local
2014-09-26,732,13,27,35,46,47,1,2,,,,,168.0,4-1,2014-09-27 02:00:03,,local
2014-09-30,733,3,13,15,33,42,5,7,,,,,106.0,4-1,2014-10-01 02:00:03,,local
2014-10-03,734,4,13,23,48,50,5,10,,,,,138.0,2-3,2014-10-04 02:00:02,,local
2014-10-07,735,9,21,28,30,38,1,8,,,,,126.0,2-3,2014-10-08 02:00:08,,local
2014-10-10,736,6,29,42,45,47,9,10,,,,,169.0,3-2,2014-10-11 02:00:03,,local
2014-10-14,737,4,5,15,23,32,3,7,,,,,79.0,3-2,2014-10-15 02:00:02,,local
2014-10-17,738,1,13,40,48,49,8,10,,,,,151.0,3-2,2014-10-18 02:00:03,,local
2014-10-21,739,20,21,27,33,40,3,10,,,,,141.0,3-2,2014-10-22 02:00:03,,local
2014-10-24,740,3,9,20,30,42,1,6,,,,,104.0,2-3,2014-10-25 02:00:03,,local
2014-10-28,741,10,15,17,40,45,1,2,,,,,127.0,3-2,2014-10-29 02:00:02,,local
2014-10-31,742,10,13,20,33,41,3,9,,,,,117.0,3-2,2014-11-01 02:00:08,,local
2014-11-04,743,1,6,13,17,26,3,5,,,,,63.0,3-2,2014-11-05 02:00:03,,local
2014-11-07,744,13,25,32,38,46,1,10,,,,,154.0,2-3,2014-11-08 02:00:02,,local
2014-11-11,745,2,14,21,36,46,7,11,,,,,119.0,1-4,2014-11-12 02:00:04,,local
2014-11-14,746,17,32,36,38,48,5,8,,,,,171.0,1-4,2014-11-15 02:00:03,,local
2014-11-18,747,2,3,17,36,38,4,11,,,,,96.0,2-3,2014-11-19 02:00:04,,local
2014-11-21,748,4,7,28,32,37,5,10,,,,,108.0,2-3,2014-11-22 02:00:03,,local
2014-11-25,749,3,7,25,32,36,1,6,,,,,103.0,3-2,2014-11-26 02:00:08,,local
2014-11-28,750,6,10,15,23,41,4,10,,,,,95.0,3-2,2014-11-29 02:00:03,,local
2014-12-02,751,3,15,25,44,49,1,9,,,,,136.0,4-1,2014-12-03 02:00:04,,local
2014-12-05,752,5,8,37,47,48,2,3,,,,,145.0,3-2,2014-12-06 02:00:03,,local
2014-12-09,753,1,3,31,42,46,4,11,,,,,123.0,3-2,2014-12-10 02:00:03,,local
2014-12-12,754,2,15,28,31,37,4,6,,,,,113.0,3-2,2014-12-13 02:00:03,,local
2014-12-16,755,3,7,12,13,25,5,8,,,,,60.0,4-1,2014-12-17 02:00:03,,local
2014-12-19,756,23,29,31,39,44,5,8,,,,,166.0,4-1,2014-12-20 02:00:02,,local
2014-12-23,757,8,9,19,25,49,2,10,,,,,110.0,4-1,2014-12-24 02:00:03,,local
2014-12-26,758,17,26,27,45,49,2,3,,,,,164.0,4-1,2014-12-27 02:00:02,,local
2014-12-30,759,6,18,39,44,50,8,11,,,,,157.0,1-4,2014-12-31 02:00:03,,local
2015-01-02,760,22,24,25,28,49,3,6,,,,,148.0,2-3,2015-01-03 02:00:02,,local
2015-01-06,761,14,20,30,38,49,3,4,,,,,151.0,1-4,2015-01-07 02:00:02,,local
2015-01-09,762,6,21,24,32,45,1,11,,,,,128.0,2-3,2015-01-10 02:00:02,,local
2015-01-13,763,8,17,21,31,34,9,10,,,,,111.0,3-2,2015-01-14 02:00:03,,local
2015-01-16,764,29,30,32,34,46,3,6,,,,,171.0,1-4,2015-01-17 02:00:03,,local
2015-01-20,765,15,33,41,44,47,8,10,,,,,180.0,4-1,2015-01-21 02:00:03,,local
2015-01-23,766,6,29,30,38,45,1,8,,,,,148.0,2-3,2015-01-24 02:00:02,,local
2015-01-27,767,5,10,31,33,40,8,10,,,,,119.0,3-2,2015-01-29 00:28:02,,local
2015-01-30,768,9,13,15,19,24,3,8,,,,,80.0,4-1,2015-01-31 02:00:03,,local
2015-02-03,769,17,31,33,44,50,7,11,,,,,175.0,3-2,2015-02-04 02:00:04,,local
2015-02-06,770,10,26,30,39,50,7,8,,,,,155.0,1-4,2015-02-07 02:00:02,,local
2015-02-10,771,13,17,20,30,45,9,10,,,,,125.0,3-2,2015-02-11 02:00:06,,local
2015-02-13,772,12,24,39,42,44,3,11,,,,,161.0,1-4,2015-02-14 02:00:07,,local
2015-02-17,773,2,5,18,30,43,1,10,,,,,98.0,2-3,2015-02-18 02:00:02,,local
2015-02-20,774,4,10,14,37,46,4,7,,,,,111.0,1-4,2015-02-21 02:00:03,,local
2015-02-24,775,3,25,28,34,50,1,11,,,,,140.0,2-3,2015-02-25 02:00:03,,local
2015-02-27,776,5,14,17,25,47,9,10,,,,,108.0,4-1,2015-02-28 02:00:03,,local
2015-03-03,777,6,8,11,13,21,7,8,,,,,59.0,3-2,2015-03-04 02:00:08,,local
2015-03-06,778,23,30,47,49,50,2,7,,,,,199.0,3-2,2015-03-07 02:00:03,,local
2015-03-10,779,2,6,23,30,31,2,10,,,,,92.0,2-3,2015-03-11 02:00:04,,local
2015-03-13,780,4,5,18,22,23,1,3,,,,,72.0,2-3,2015-03-14 02:00:02,,local
2015-03-17,781,11,23,26,38,44,1,8,,,,,142.0,2-3,2015-03-18 02:00:02,,local
2015-03-20,782,3,14,37,42,48,1,10,,,,,144.0,2-3,2015-03-21 02:00:02,,local
2015-03-24,783,10,24,26,39,40,3,10,,,,,139.0,1-4,2015-03-25 02:00:03,,local
2015-03-27,784,2,30,32,39,44,6,10,,,,,147.0,1-4,2015-03-28 02:00:08,,local
2015-03-31,785,8,20,24,28,49,8,9,,,,,129.0,1-4,2015-04-01 02:00:02,,local
2015-04-03,786,27,29,37,39,49,2,4,,,,,181.0,5-0,2015-04-04 02:00:02,,local
2015-04-07,787,18,25,39,44,50,5,8,,,,,176.0,2-3,2015-04-08 02:00:02,,local
2015-04-10,788,22,23,25,30,43,5,9,,,,,143.0,3-2,2015-04-11 02:00:03,,local
2015-04-14,789,24,32,34,35,49,1,2,,,,,174.0,2-3,2015-04-15 02:00:02,,local
2015-04-17,790,2,24,30,34,39,8,11,,,,,129.0,1-4,2015-04-18 02:00:02,,local
2015-04-21,791,6,14,17,42,45,1,8,,,,,124.0,2-3,2015-04-22 02:00:04,,local
2015-04-24,792,5,19,29,31,40,3,10,,,,,124.0,4-1,2015-04-25 02:00:02,,local
2015-04-28,793,24,26,28,36,45,7,10,,,,,159.0,1-4,2015-04-29 02:00:08,,local
2015-05-01,794,3,19,20,25,26,6,10,,,,,93.0,3-2,2015-05-02 02:00:02,,local
2015-05-05,795,1,10,17,20,42,8,9,,,,,90.0,2-3,2015-05-06 02:00:02,,local
2015-05-08,796,7,14,19,47,49,3,10,,,,,136.0,4-1,2015-05-09 02:00:02,,local
2015-05-12,797,14,29,30,40,46,3,6,,,,,159.0,1-4,2015-05-13 02:00:02,,local
2015-05-15,798,5,35,42,44,47,8,9,,,,,173.0,3-2,2015-05-16 02:00:02,,local
2015-05-19,799,26,30,31,35,37,8,11,,,,,159.0,3-2,2015-05-20 02:00:03,,local
2015-05-22,800,18,24,35,44,45,5,11,,,,,166.0,2-3,2015-05-23 02:00:03,,local
2015-05-26,801,5,6,7,21,24,5,6,,,,,63.0,3-2,2015-05-27 02:00:02,,local
2015-05-29,802,3,4,20,45,48,6,8,,,,,120.0,2-3,2015-05-30 02:00:02,,local
2015-06-02,803,7,23,29,37,41,1,8,,,,,137.0,5-0,2015-06-03 02:00:03,,local
2015-06-05,804,2,7,8,45,48,1,9,,,,,110.0,2-3,2015-06-06 02:00:02,,local
2015-06-09,805,5,9,17,32,34,6,8,,,,,97.0,3-2,2015-06-10 02:00:02,,local
2015-06-12,806,5,8,10,11,37,7,9,,,,,71.0,3-2,2015-06-13 02:00:08,,local
2015-06-16,807,10,15,16,36,37,3,9,,,,,114.0,2-3,2015-06-17 02:00:03,,local
2015-06-19,808,7,14,20,31,42,3,9,,,,,114.0,2-3,2015-06-20 02:00:02,,local
2015-06-23,809,4,16,22,38,49,6,9,,,,,129.0,1-4,2015-06-24 02:00:02,,local
2015-06-26,810,3,6,10,19,24,5,7,,,,,62.0,2-3,2015-06-27 02:00:02,,local
2015-06-30,811,11,15,28,34,37,1,8,,,,,125.0,3-2,2015-07-01 02:00:03,,local
2015-07-03,812,11,12,15,18,44,3,9,,,,,100.0,2-3,2015-07-04 02:00:03,,local
2015-07-07,813,6,7,18,33,41,3,10,,,,,105.0,3-2,2015-07-08 02:00:03,,local
2015-07-10,814,5,8,15,35,41,4,5,,,,,104.0,4-1,2015-07-11 02:00:03,,local
2015-07-14,815,6,18,19,34,36,1,8,,,,,113.0,1-4,2015-07-15 02:00:02,,local
2015-07-17,816,1,21,22,43,48,7,9,,,,,135.0,3-2,2015-07-18 02:00:02,,local
2015-07-21,817,14,20,27,29,44,7,10,,,,,134.0,2-3,2015-07-22 02:00:02,,local
2015-07-24,818,2,9,21,35,46,2,11,,,,,113.0,3-2,2015-07-25 02:00:03,,local
2015-07-28,819,23,32,36,43,49,7,8,,,,,183.0,3-2,2015-07-29 02:00:03,,local
2015-07-31,820,16,21,34,40,50,6,9,,,,,161.0,1-4,2015-08-01 02:00:02,,local
2015-08-04,821,10,15,39,45,50,9,10,,,,,159.0,3-2,2015-08-05 02:00:02,,local
2015-08-07,822,1,5,21,39,44,4,11,,,,,110.0,4-1,2015-08-08 02:00:02,,local
2015-08-11,823,2,3,8,15,16,4,11,,,,,44.0,2-3,2015-08-12 02:00:02,,local
2015-08-14,824,4,7,39,44,45,3,5,,,,,139.0,3-2,2015-08-15 02:00:07,,local
2015-08-18,825,7,10,11,12,19,2,9,,,,,59.0,3-2,2015-08-19 02:00:02,,local
2015-08-21,826,4,16,18,43,47,6,10,,,,,128.0,2-3,2015-08-22 02:00:02,,local
2015-08-25,827,27,31,33,42,50,2,5,,,,,183.0,3-2,2015-08-26 02:00:03,,local
2015-08-28,828,11,29,30,31,34,4,7,,,,,135.0,3-2,2015-08-29 02:01:22,,local
2015-09-01,829,6,19,21,27,45,1,8,,,,,118.0,4-1,2015-09-02 02:00:03,,local
2015-09-04,830,8,9,27,45,50,8,10,,,,,139.0,3-2,2015-09-05 02:00:03,,local
2015-09-08,831,14,16,39,40,42,1,4,,,,,151.0,1-4,2015-09-09 02:00:03,,local
2015-09-11,832,10,18,19,29,50,1,9,,,,,126.0,2-3,2015-09-12 02:00:03,,local
2015-09-15,833,8,15,17,44,49,5,8,,,,,133.0,3-2,2015-09-16 02:00:03,,local
2015-09-18,834,7,29,33,34,39,7,8,,,,,142.0,4-1,2015-09-19 02:00:02,,local
2015-09-22,835,14,23,26,27,29,7,10,,,,,119.0,3-2,2015-09-23 02:00:02,,local
2015-09-25,836,13,14,23,30,37,2,8,,,,,117.0,3-2,2015-09-26 02:00:02,,local
2015-09-29,837,11,14,26,29,49,3,9,,,,,129.0,3-2,2015-09-30 02:00:08,,local
2015-10-02,838,7,18,21,32,35,2,11,,,,,113.0,3-2,2015-10-03 02:00:04,,local
2015-10-06,839,11,20,22,29,32,1,8,,,,,114.0,2-3,2015-10-07 02:00:03,,local
2015-10-09,840,1,40,42,43,47,9,11,,,,,173.0,3-2,2015-10-10 02:00:05,,local
2015-10-13,841,12,15,26,29,47,3,11,,,,,129.0,3-2,2015-10-14 02:00:03,,local
2015-10-16,842,7,28,29,43,48,3,10,,,,,155.0,3-2,2015-10-17 02:00:03,,local
2015-10-20,843,17,19,21,30,45,8,10,,,,,132.0,4-1,2015-10-21 02:00:03,,local
2015-10-23,844,7,25,30,32,39,2,8,,,,,133.0,3-2,2015-10-24 02:00:03,,local
2015-10-27,845,11,12,20,25,36,6,9,,,,,104.0,2-3,2015-10-28 02:00:09,,local
2015-10-30,846,8,13,17,21,34,6,7,,,,,93.0,3-2,2015-10-31 02:00:04,,local
2015-11-03,847,8,27,39,46,49,2,6,,,,,169.0,3-2,2015-11-04 02:00:09,,local
2015-11-06,848,3,17,26,38,40,4,10,,,,,124.0,2-3,2015-11-07 02:00:02,,local
2015-11-10,849,6,13,18,39,43,2,8,,,,,119.0,3-2,2015-11-11 02:00:02,,local
2015-11-13,850,10,17,18,33,40,2,8,,,,,118.0,2-3,2015-11-14 02:00:02,,local
2015-11-17,851,6,7,23,37,38,10,11,,,,,111.0,3-2,2015-11-18 02:00:02,,local
2015-11-20,852,4,30,34,46,49,7,8,,,,,163.0,1-4,2015-11-21 02:00:03,,local
2015-11-24,853,9,14,16,17,26,10,11,,,,,82.0,2-3,2015-11-25 02:00:04,,local
2015-11-27,854,16,29,30,37,50,6,8,,,,,162.0,2-3,2015-11-28 02:00:02,,local
2015-12-01,855,2,15,25,35,45,8,10,,,,,122.0,4-1,2015-12-02 02:00:02,,local
2015-12-04,856,8,17,18,27,39,1,7,,,,,109.0,3-2,2015-12-05 02:00:03,,local
2015-12-08,857,12,17,29,38,48,9,11,,,,,144.0,2-3,2015-12-09 02:00:02,,local
2015-12-11,858,3,5,21,40,43,6,11,,,,,112.0,4-1,2015-12-12 02:00:02,,local
2015-12-15,859,8,11,23,27,35,4,11,,,,,104.0,4-1,2015-12-16 02:00:04,,local
2015-12-18,860,6,22,26,29,48,5,6,,,,,131.0,1-4,2015-12-19 02:00:02,,local
2015-12-22,861,18,19,20,40,41,7,10,,,,,138.0,2-3,2015-12-23 02:00:02,,local
2015-12-25,862,3,10,25,27,40,3,9,,,,,105.0,3-2,2015-12-26 02:00:03,,local
2015-12-29,863,5,20,31,32,36,6,7,,,,,124.0,2-3,2015-12-30 02:00:05,,local
2016-01-01,864,4,37,38,39,44,4,7,,,,,162.0,2-3,2016-01-02 02:00:03,,local
2016-01-05,865,6,10,31,36,39,6,10,,,,,122.0,2-3,2016-01-06 02:00:03,,local
2016-01-08,866,5,26,33,35,40,3,8,,,,,139.0,3-2,2016-01-08 23:40:51,,local
2016-01-12,867,1,2,10,30,44,1,8,,,,,87.0,1-4,2016-01-13 02:00:03,,local
2016-01-15,868,10,19,38,43,46,1,11,,,,,156.0,2-3,2016-01-16 02:00:31,,local
2016-01-19,869,2,30,38,43,46,2,7,,,,,159.0,1-4,2016-01-20 02:00:05,,local
2016-01-22,870,10,12,27,30,47,8,9,,,,,126.0,2-3,2016-01-23 02:00:04,,local
2016-01-26,871,15,24,38,40,48,2,9,,,,,165.0,1-4,2016-01-27 02:00:04,,local
2016-01-29,872,1,5,23,29,32,1,7,,,,,90.0,4-1,2016-01-30 02:00:04,,local
2016-02-02,873,6,9,10,21,36,2,6,,,,,82.0,2-3,2016-02-03 02:00:05,,local
2016-02-05,874,3,27,32,41,46,4,8,,,,,149.0,3-2,2016-02-06 02:00:02,,local
2016-02-09,875,6,9,13,28,37,4,5,,,,,93.0,3-2,2016-02-10 02:00:02,,local
2016-02-12,876,3,20,28,31,49,2,5,,,,,131.0,3-2,2016-02-13 02:00:04,,local
2016-02-16,877,3,10,22,37,50,6,10,,,,,122.0,2-3,2016-02-17 02:00:03,,local
2016-02-19,878,13,14,30,32,39,3,9,,,,,128.0,2-3,2016-02-20 02:00:02,,local
2016-02-23,879,23,25,32,37,42,1,11,,,,,159.0,3-2,2016-02-24 02:00:02,,local
2016-02-26,880,5,13,15,33,50,9,11,,,,,116.0,4-1,2016-02-27 02:00:04,,local
2016-03-01,881,4,7,13,28,37,10,11,,,,,89.0,3-2,2016-03-02 02:00:03,,local
2016-03-04,882,9,14,16,23,40,1,5,,,,,102.0,2-3,2016-03-05 02:00:02,,local
2016-03-08,883,1,8,9,14,23,1,7,,,,,55.0,3-2,2016-03-09 02:00:02,,local
2016-03-11,884,1,21,26,40,43,6,9,,,,,131.0,3-2,2016-03-12 02:00:03,,local
2016-03-15,885,5,7,10,34,44,2,10,,,,,100.0,2-3,2016-03-16 02:00:03,,local
2016-03-18,886,14,19,21,24,49,5,11,,,,,127.0,3-2,2016-03-19 02:00:03,,local
2016-03-22,887,12,15,26,42,49,5,8,,,,,144.0,2-3,2016-03-24 09:35:04,,local
2016-03-25,888,12,19,36,42,43,5,8,,,,,152.0,2-3,2016-03-26 02:00:03,,local
2016-03-29,889,1,4,19,25,36,3,11,,,,,85.0,3-2,2016-03-30 02:00:02,,local
2016-04-01,890,2,16,23,25,49,6,9,,,,,115.0,3-2,2016-04-02 15:46:39,,local
2016-04-05,891,3,5,9,19,40,2,5,,,,,76.0,4-1,2016-04-06 02:00:04,,local
2016-04-08,892,6,8,26,43,49,6,10,,,,,132.0,2-3,2016-04-09 14:10:03,,local
2016-04-12,893,1,5,9,22,38,2,10,,,,,75.0,3-2,2016-04-13 09:25:03,,local
2016-04-15,894,13,14,32,37,48,1,7,,,,,144.0,2-3,2016-04-17 21:05:02,,local
2016-04-19,895,11,14,15,27,44,2,7,,,,,111.0,3-2,2016-04-20 02:00:04,,local
2016-04-22,896,17,26,32,34,43,2,10,,,,,152.0,2-3,2016-04-23 02:00:03,,local
2016-04-26,897,10,17,31,32,42,2,5,,,,,132.0,2-3,2016-04-27 02:00:03,,local
2016-04-29,898,4,5,25,28,43,6,11,,,,,105.0,3-2,2016-04-30 02:00:02,,local
2016-05-03,899,8,23,24,34,38,3,7,,,,,127.0,1-4,2016-05-04 02:00:04,,local
2016-05-06,900,32,34,40,45,48,1,10,,,,,199.0,1-4,2016-05-07 02:00:02,,local
2016-05-10,901,2,26,27,40,49,5,10,,,,,144.0,2-3,2016-05-11 02:00:03,,local
2016-05-13,902,7,15,28,31,42,10,11,,,,,123.0,3-2,2016-05-14 02:00:04,,local
2016-05-17,903,15,27,32,36,39,3,10,,,,,149.0,3-2,2016-05-18 02:00:03,,local
2016-05-20,904,9,14,30,41,45,4,9,,,,,139.0,3-2,2016-05-21 02:00:05,,local
2016-05-24,905,16,17,23,34,37,6,9,,,,,127.0,3-2,2016-05-25 02:00:03,,local
2016-05-27,906,13,25,27,43,46,4,8,,,,,154.0,4-1,2016-05-28 15:09:04,,local
2016-05-31,907,6,12,26,30,48,6,7,,,,,122.0,0-5,2016-06-01 02:00:06,,local
2016-06-03,908,7,23,31,33,39,6,10,,,,,133.0,5-0,2016-06-04 02:00:08,,local
2016-06-07,909,19,26,35,45,49,2,5,,,,,174.0,4-1,2016-06-08 02:00:03,,local
2016-06-10,910,14,21,35,42,43,7,9,,,,,155.0,3-2,2016-06-11 02:00:04,,local
2016-06-14,911,13,34,39,42,50,9,11,,,,,178.0,2-3,2016-06-15 02:00:03,,local
2016-06-17,912,1,7,18,27,43,4,8,,,,,96.0,4-1,2016-06-18 02:00:04,,local
2016-06-21,913,5,17,32,35,49,1,5,,,,,138.0,4-1,2016-06-22 02:00:04,,local
2016-06-24,914,11,19,27,28,39,3,10,,,,,124.0,4-1,2016-06-25 02:00:03,,local
2016-06-28,915,26,32,37,43,49,4,5,,,,,187.0,3-2,2016-06-29 02:00:05,,local
2016-07-01,916,2,11,13,40,50,1,10,,,,,116.0,2-3,2016-07-02 02:00:06,,local
2016-07-05,917,1,10,29,38,48,3,4,,,,,126.0,2-3,2016-07-06 02:00:04,,local
2016-07-08,918,8,12,18,33,44,4,8,,,,,115.0,1-4,2016-07-09 02:00:04,,local
2016-07-12,919,3,7,26,33,41,2,10,,,,,110.0,4-1,2016-07-13 02:00:05,,local
2016-07-15,920,2,11,13,14,21,1,8,,,,,61.0,3-2,2016-07-16 02:00:02,,local
2016-07-19,921,19,24,28,36,37,3,6,,,,,144.0,2-3,2016-07-20 02:00:06,,local
2016-07-22,922,7,24,26,37,45,5,9,,,,,139.0,3-2,2016-07-23 02:00:03,,local
2016-07-26,923,3,10,13,45,49,2,11,,,,,120.0,4-1,2016-07-27 02:00:02,,local
2016-07-29,924,1,21,26,40,50,2,4,,,,,138.0,2-3,2016-07-30 02:00:03,,local
2016-08-02,925,2,8,27,38,46,2,6,,,,,121.0,1-4,2016-08-03 02:00:03,,local
2016-08-05,926,16,19,24,35,37,2,7,,,,,131.0,3-2,2016-08-06 02:00:04,,local
2016-08-09,927,12,19,43,44,45,5,10,,,,,163.0,3-2,2016-08-10 02:00:02,,local
2016-08-12,928,2,15,28,36,50,2,11,,,,,131.0,1-4,2016-08-13 02:00:02,,local
2016-08-16,929,2,26,34,37,46,4,8,,,,,145.0,1-4,2016-08-17 02:00:03,,local
2016-08-19,930,5,6,22,25,34,5,7,,,,,92.0,2-3,2016-08-20 02:00:03,,local
2016-08-23,931,2,23,31,37,45,4,8,,,,,138.0,4-1,2016-08-24 02:00:02,,local
2016-08-26,932,1,9,28,30,48,7,8,,,,,116.0,2-3,2016-08-27 02:00:02,,local
2016-08-30,933,13,16,29,35,42,6,8,,,,,135.0,3-2,2016-08-31 02:00:03,,local
2016-09-02,934,8,16,32,40,50,2,11,,,,,146.0,0-5,2016-09-03 02:00:03,,local
2016-09-06,935,12,24,30,34,45,7,10,,,,,145.0,1-4,2016-09-07 02:00:03,,local
2016-09-09,936,4,11,15,17,28,1,3,,,,,75.0,3-2,2016-09-10 02:00:03,,local
2016-09-13,937,4,7,16,35,44,1,3,,,,,106.0,2-3,2016-09-14 02:00:03,,local
2016-09-16,938,5,8,14,22,32,2,11,,,,,81.0,1-4,2016-09-17 02:00:03,,local
2016-09-20,939,1,4,10,41,45,6,9,,,,,101.0,3-2,2016-09-21 02:00:03,,local
2016-09-23,940,14,16,39,42,49,3,9,,,,,160.0,2-3,2016-09-24 02:00:03,,local
2016-09-27,941,6,9,13,39,41,2,12,,,,,108.0,4-1,2016-09-28 02:00:03,,local
2016-09-30,942,17,35,37,43,44,2,10,,,,,176.0,4-1,2016-09-30 22:28:03,,local
2016-10-04,943,4,7,14,34,38,4,11,,,,,97.0,1-4,2016-10-04 23:00:03,,local
2016-10-07,944,2,12,20,27,30,9,11,,,,,91.0,1-4,2016-10-07 22:10:06,,local
2016-10-11,945,5,12,20,24,37,4,11,,,,,98.0,2-3,2016-10-12 07:48:12,,local
2016-10-14,946,7,13,19,31,34,1,11,,,,,104.0,4-1,2016-10-14 23:55:02,,local
2016-10-18,947,2,17,21,25,27,6,9,,,,,92.0,4-1,2016-10-18 23:55:01,,local
2016-10-21,948,9,20,23,44,48,8,10,,,,,144.0,2-3,2016-10-21 23:55:03,,local
2016-10-25,949,3,15,20,21,28,1,5,,,,,87.0,3-2,2016-10-25 23:55:02,,local
2016-10-28,950,10,16,19,23,43,2,8,,,,,111.0,3-2,2016-10-29 20:40:01,,local
2016-11-01,951,6,10,20,29,37,1,9,,,,,102.0,2-3,2016-11-01 23:55:05,,local
2016-11-04,952,7,11,12,44,48,3,7,,,,,122.0,2-3,2016-11-04 23:55:05,,local
2016-11-08,953,5,9,47,49,50,8,9,,,,,160.0,4-1,2016-11-08 23:55:05,,local
2016-11-11,954,3,22,23,38,49,2,9,,,,,135.0,3-2,2016-11-11 23:55:01,,local
2016-11-15,955,7,15,36,42,48,3,7,,,,,148.0,2-3,2016-11-15 23:55:01,,local
2016-11-18,956,3,12,27,32,47,6,8,,,,,121.0,3-2,2016-11-18 23:55:01,,local
2016-11-22,957,5,10,33,34,47,2,10,,,,,129.0,3-2,2016-11-22 23:55:01,,local
2016-11-25,958,5,11,17,23,28,10,11,,,,,84.0,4-1,2016-11-25 23:55:01,,local
2016-11-29,959,21,26,27,28,38,9,11,,,,,140.0,2-3,2016-11-29 23:55:02,,local
2016-12-02,960,6,11,23,31,32,2,12,,,,,103.0,3-2,2016-12-02 23:55:01,,local
2016-12-06,961,1,7,11,27,45,4,9,,,,,91.0,5-0,2016-12-06 23:55:01,,local
2016-12-09,962,6,12,28,37,40,1,5,,,,,123.0,1-4,2016-12-09 23:55:01,,local
2016-12-13,963,14,28,29,48,50,2,8,,,,,169.0,1-4,2016-12-13 23:55:02,,local
2016-12-16,964,6,10,30,41,45,4,11,,,,,132.0,2-3,2016-12-16 23:55:01,,local
2016-12-20,965,13,15,17,21,27,2,3,,,,,93.0,5-0,2016-12-20 23:55:01,,local
2016-12-23,966,4,16,20,39,46,2,5,,,,,125.0,1-4,2016-12-23 23:55:01,,local
2016-12-27,967,3,22,25,32,39,7,12,,,,,121.0,3-2,2016-12-27 23:55:02,,local
2016-12-30,968,8,10,22,29,47,1,3,,,,,116.0,2-3,2016-12-30 23:55:01,,local
2017-01-03,969,19,23,27,34,49,1,11,,,,,152.0,4-1,2017-01-03 23:55:02,,local
2017-01-06,970,10,14,18,21,49,9,11,,,,,112.0,2-3,2017-01-06 23:55:01,,local
2017-01-10,971,2,11,29,35,44,4,9,,,,,121.0,3-2,2017-01-10 23:55:01,,local
2017-01-13,972,3,7,16,26,50,4,7,,,,,102.0,2-3,2017-01-13 23:55:01,,local
2017-01-17,973,4,16,25,43,47,2,10,,,,,135.0,3-2,2017-01-17 23:55:01,,local
2017-01-20,974,10,17,27,31,49,3,5,,,,,134.0,4-1,2017-01-20 23:55:01,,local
2017-01-24,975,1,5,7,17,23,3,8,,,,,53.0,5-0,2017-01-24 23:55:04,,local
2017-01-27,976,17,20,28,45,48,5,9,,,,,158.0,2-3,2017-01-27 23:55:02,,local
2017-01-31,977,3,4,17,23,44,6,9,,,,,91.0,3-2,2017-01-31 23:55:01,,local
2017-02-03,978,3,4,15,46,50,5,9,,,,,118.0,2-3,2017-02-03 23:55:01,,local
2017-02-07,979,4,10,31,38,44,8,10,,,,,127.0,1-4,2017-02-07 23:55:01,,local
2017-02-10,980,7,21,26,35,43,2,9,,,,,132.0,4-1,2017-02-10 23:55:01,,local
2017-02-14,981,2,10,24,40,44,3,10,,,,,120.0,0-5,2017-02-14 23:55:01,,local
2017-02-17,982,19,25,33,36,48,2,9,,,,,161.0,3-2,2017-02-17 23:55:01,,local
2017-02-21,983,13,19,41,45,49,3,4,,,,,167.0,5-0,2017-02-21 23:55:02,,local
2017-02-24,984,2,4,13,22,43,8,9,,,,,84.0,2-3,2017-02-24 23:55:01,,local
2017-02-28,985,10,20,31,35,42,2,12,,,,,138.0,2-3,2017-02-28 23:55:01,,local
2017-03-03,986,2,11,29,30,47,1,12,,,,,119.0,3-2,2017-03-03 23:55:02,,local
2017-03-07,987,6,37,41,48,50,4,5,,,,,182.0,2-3,2017-03-07 23:55:02,,local
2017-03-10,988,31,36,38,47,49,8,11,,,,,201.0,3-2,2017-03-10 23:55:01,,local
2017-03-14,989,3,5,21,36,44,3,6,,,,,109.0,3-2,2017-03-14 23:55:01,,local
2017-03-17,990,6,10,19,29,36,3,9,,,,,100.0,2-3,2017-03-17 23:55:01,,local
2017-03-21,991,1,20,23,44,47,4,11,,,,,135.0,3-2,2017-03-21 23:55:01,,local
2017-03-24,992,2,17,21,27,34,5,9,,,,,101.0,3-2,2017-03-24 23:55:10,,local
2017-03-28,993,9,13,31,33,46,6,10,,,,,132.0,4-1,2017-03-28 23:55:02,,local
2017-03-31,994,17,24,26,28,45,4,12,,,,,140.0,2-3,2017-03-31 23:55:01,,local
2017-04-04,995,1,9,24,33,34,2,6,,,,,101.0,3-2,2017-04-04 23:55:01,,local
2017-04-07,996,2,10,19,35,50,6,7,,,,,116.0,2-3,2017-04-07 23:55:02,,local
2017-04-11,997,5,21,22,31,49,2,8,,,,,128.0,4-1,2017-04-11 23:55:01,,local
2017-04-14,998,4,14,20,23,33,6,10,,,,,94.0,2-3,2017-04-14 23:55:01,,local
2017-04-18,999,17,22,31,38,45,5,12,,,,,153.0,3-2,2017-04-18 23:55:01,,local
2017-04-21,1000,2,13,16,22,49,4,5,,,,,102.0,2-3,2017-04-21 23:55:01,,local
2017-04-25,1001,9,11,19,32,43,3,9,,,,,114.0,4-1,2017-04-25 23:55:01,,local
2017-04-28,1002,14,20,25,30,39,2,8,,,,,128.0,2-3,2017-04-28 23:55:01,,local
2017-05-02,1003,6,19,23,25,27,11,12,,,,,100.0,4-1,2017-05-02 23:55:01,,local
2017-05-05,1004,3,7,30,35,43,1,3,,,,,118.0,4-1,2017-05-05 23:55:02,,local
2017-05-09,1005,8,12,16,22,26,6,7,,,,,84.0,0-5,2017-05-09 23:55:02,,local
2017-05-12,1006,2,20,28,29,44,3,9,,,,,123.0,1-4,2017-05-12 23:55:02,,local
2017-05-16,1007,8,11,15,20,30,3,8,,,,,84.0,2-3,2017-05-16 23:55:02,,local
2017-05-19,1008,9,11,12,19,30,4,9,,,,,81.0,3-2,2017-05-19 23:55:01,,local
2017-05-23,1009,8,15,25,27,42,1,4,,,,,117.0,3-2,2017-05-23 23:55:01,,local
2017-05-26,1010,5,7,26,36,39,2,10,,,,,113.0,3-2,2017-05-26 23:55:01,,local
2017-05-30,1011,7,12,27,38,48,6,9,,,,,132.0,2-3,2017-05-30 23:55:02,,local
2017-06-02,1012,8,10,24,33,42,3,9,,,,,117.0,1-4,2017-06-02 23:55:03,,local
2017-06-06,1013,20,22,25,37,40,3,7,,,,,144.0,2-3,2017-06-06 23:55:02,,local
2017-06-09,1014,9,20,27,39,43,10,11,,,,,138.0,4-1,2017-06-09 23:55:01,,local
2017-06-13,1015,3,12,22,27,49,4,11,,,,,113.0,3-2,2017-06-13 23:55:02,,local
2017-06-16,1016,15,17,38,41,42,9,12,,,,,153.0,3-2,2017-06-16 23:55:01,,local
2017-06-20,1017,11,18,26,43,44,8,10,,,,,142.0,2-3,2017-06-20 23:55:02,,local
2017-06-23,1018,3,4,21,31,38,3,7,,,,,97.0,3-2,2017-06-23 23:55:02,,local
2017-06-27,1019,9,17,21,28,45,1,3,,,,,120.0,4-1,2017-06-27 23:55:02,,local
2017-06-30,1020,17,35,39,47,50,6,8,,,,,188.0,4-1,2017-06-30 23:55:02,,local
2017-07-04,1021,10,22,25,37,49,5,8,,,,,143.0,3-2,2017-07-04 23:55:02,,local
2017-07-07,1022,11,20,35,37,45,3,6,,,,,148.0,4-1,2017-07-07 23:55:02,,local
2017-07-11,1023,14,22,26,42,50,8,10,,,,,154.0,0-5,2017-07-11 23:55:01,,local
2017-07-14,1024,11,14,20,21,47,7,10,,,,,113.0,3-2,2017-07-14 23:55:02,,local
2017-07-18,1025,1,25,27,41,45,5,7,,,,,139.0,5-0,2017-07-18 23:55:01,,local
2017-07-21,1026,1,8,9,26,49,5,9,,,,,93.0,3-2,2017-07-21 23:55:02,,local
2017-07-25,1027,12,14,43,44,48,2,11,,,,,161.0,1-4,2017-07-25 23:55:02,,local
2017-07-28,1028,5,9,29,31,41,2,4,,,,,115.0,5-0,2017-07-28 23:55:02,,local
2017-08-01,1029,14,21,24,29,30,8,10,,,,,118.0,2-3,2017-08-01 23:55:01,,local
2017-08-04,1030,29,30,36,40,41,2,9,,,,,176.0,2-3,2017-08-04 23:55:01,,local
2017-08-08,1031,15,25,26,40,41,4,5,,,,,147.0,3-2,2017-08-08 23:55:02,,local
2017-08-11,1032,18,28,39,46,48,5,12,,,,,179.0,1-4,2017-08-11 23:55:01,,local
2017-08-15,1033,10,14,30,35,46,4,10,,,,,135.0,1-4,2017-08-15 23:55:01,,local
2017-08-18,1034,2,24,39,42,45,2,8,,,,,152.0,2-3,2017-08-18 23:55:01,,local
2017-08-22,1035,3,10,12,17,27,3,5,,,,,69.0,3-2,2017-08-22 23:55:02,,local
2017-08-25,1036,1,5,7,15,47,9,12,,,,,75.0,5-0,2017-08-25 23:55:02,,local
2017-08-29,1037,4,12,15,32,38,1,5,,,,,101.0,1-4,2017-08-29 23:55:01,,local
2017-09-01,1038,3,7,8,14,49,5,8,,,,,81.0,3-2,2017-09-01 23:55:02,,local
2017-09-05,1039,6,9,18,28,29,1,9,,,,,90.0,2-3,2017-09-05 23:55:01,,local
2017-09-08,1040,9,24,42,47,49,1,5,,,,,171.0,3-2,2017-09-08 23:55:01,,local
2017-09-12,1041,10,17,27,29,35,4,11,,,,,118.0,4-1,2017-09-12 23:55:02,,local
2017-09-15,1042,13,18,37,44,49,9,12,,,,,161.0,3-2,2017-09-15 23:55:01,,local
2017-09-19,1043,1,8,21,30,45,2,3,,,,,105.0,3-2,2017-09-19 23:55:01,,local
2017-09-22,1044,6,11,31,39,42,1,3,,,,,129.0,3-2,2017-09-22 23:55:02,,local
2017-09-26,1045,1,29,40,41,48,6,12,,,,,159.0,3-2,2017-09-26 23:55:01,,local
2017-09-29,1046,7,18,19,32,48,3,7,,,,,124.0,2-3,2017-09-29 23:55:02,,local
2017-10-03,1047,6,24,32,48,50,1,5,,,,,160.0,0-5,2017-10-03 23:55:01,,local
2017-10-06,1048,1,9,15,19,25,1,7,,,,,69.0,5-0,2017-10-06 23:55:02,,local
2017-10-10,1049,4,21,34,36,37,3,6,,,,,132.0,2-3,2017-10-10 23:55:02,,local
2017-10-13,1050,23,29,37,45,50,5,11,,,,,184.0,4-1,2017-10-13 23:55:02,,local
2017-10-17,1051,13,17,19,26,36,2,3,,,,,111.0,3-2,2017-10-17 23:55:01,,local
2017-10-20,1052,4,17,23,27,30,3,8,,,,,101.0,3-2,2017-10-20 23:55:01,,local
2017-10-24,1053,9,11,13,27,33,7,10,,,,,93.0,5-0,2017-10-24 23:55:02,,local
2017-10-27,1054,3,16,23,32,39,1,4,,,,,113.0,3-2,2017-10-27 23:55:01,,local
2017-10-31,1055,1,12,36,43,46,3,5,,,,,138.0,2-3,2017-10-31 23:55:02,,local
2017-11-03,1056,5,12,17,33,41,4,9,,,,,108.0,4-1,2017-11-03 23:55:02,,local
2017-11-07,1057,7,19,20,37,41,2,12,,,,,124.0,4-1,2017-11-07 23:55:02,,local
2017-11-10,1058,13,22,29,36,37,1,9,,,,,137.0,3-2,2017-11-10 23:55:02,,local
2017-11-14,1059,14,16,39,40,41,8,10,,,,,150.0,2-3,2017-11-14 23:55:02,,local
2017-11-17,1060,20,26,35,36,42,5,12,,,,,159.0,1-4,2017-11-17 23:55:02,,local
2017-11-21,1061,2,10,14,28,31,5,7,,,,,85.0,1-4,2017-11-21 23:55:02,,local
2017-11-24,1062,19,24,28,30,50,3,10,,,,,151.0,1-4,2017-11-24 23:55:01,,local
2017-11-28,1063,1,6,12,18,42,2,7,,,,,79.0,1-4,2017-11-28 23:55:01,,local
2017-12-01,1064,5,24,29,35,46,11,12,,,,,139.0,3-2,2017-12-01 23:55:02,,local
2017-12-05,1065,11,36,43,44,48,2,7,,,,,182.0,2-3,2017-12-05 23:55:01,,local
2017-12-08,1066,4,22,30,32,34,3,4,,,,,122.0,0-5,2017-12-08 23:55:02,,local
2017-12-12,1067,20,37,39,44,50,4,8,,,,,190.0,2-3,2017-12-12 23:55:02,,local
2017-12-15,1068,25,30,31,42,50,2,11,,,,,178.0,2-3,2017-12-15 23:55:02,,local
2017-12-19,1069,8,15,30,38,46,4,7,,,,,137.0,1-4,2017-12-19 23:55:02,,local
2017-12-22,1070,5,24,30,31,43,3,6,,,,,133.0,3-2,2017-12-22 23:55:01,,local
2017-12-26,1071,4,17,30,43,44,2,10,,,,,138.0,2-3,2017-12-26 23:55:01,,local
2017-12-29,1072,4,8,22,23,48,1,12,,,,,105.0,1-4,2017-12-29 23:55:01,,local
2018-01-02,1073,10,20,21,28,48,1,8,,,,,127.0,1-4,2018-01-02 23:55:02,,local
2018-01-05,1074,2,5,20,38,41,4,8,,,,,106.0,2-3,2018-01-05 23:55:01,,local
2018-01-09,1075,6,12,15,38,49,2,9,,,,,120.0,2-3,2018-01-09 23:55:02,,local
2018-01-12,1076,13,21,23,30,45,4,6,,,,,132.0,4-1,2018-01-12 23:55:01,,local
2018-01-16,1077,20,23,31,34,46,3,12,,,,,154.0,2-3,2018-01-16 23:55:02,,local
2018-01-19,1078,3,8,17,44,50,2,7,,,,,122.0,2-3,2018-01-19 23:55:01,,local
2018-01-23,1079,5,8,9,23,24,7,8,,,,,69.0,3-2,2018-01-23 23:55:02,,local
2018-01-26,1080,6,15,24,28,48,4,9,,,,,121.0,1-4,2018-01-26 23:55:01,,local
2018-01-30,1081,11,15,21,27,35,4,5,,,,,109.0,5-0,2018-01-30 23:55:01,,local
2018-02-02,1082,14,34,36,39,48,2,3,,,,,171.0,1-4,2018-02-02 23:55:01,,local
2018-02-06,1083,8,17,28,34,38,6,12,,,,,125.0,1-4,2018-02-06 23:55:02,,local
2018-02-09,1084,22,31,36,38,44,1,11,,,,,171.0,1-4,2018-02-09 23:55:01,,local
2018-02-13,1085,10,13,17,21,44,1,10,,,,,105.0,3-2,2018-02-13 23:55:04,,local
2018-02-16,1086,10,12,23,32,50,4,10,,,,,127.0,1-4,2018-02-16 23:55:03,,local
2018-02-20,1087,6,14,19,25,29,5,11,,,,,93.0,3-2,2018-02-20 23:55:02,,local
2018-02-23,1088,10,17,18,28,47,3,7,,,,,120.0,2-3,2018-02-24 20:15:42,,local
2018-02-27,1089,3,31,41,48,50,8,11,,,,,173.0,3-2,2018-02-27 23:55:02,,local
2018-03-02,1090,2,7,34,45,48,1,12,,,,,136.0,2-3,2018-03-02 23:55:01,,local
2018-03-06,1091,15,20,26,31,44,2,9,,,,,136.0,2-3,2018-03-06 23:55:02,,local
2018-03-09,1092,9,14,21,32,44,1,12,,,,,120.0,2-3,2018-03-09 23:55:01,,local
2018-03-13,1093,9,11,13,33,49,6,12,,,,,115.0,5-0,2018-03-13 23:55:01,,local
2018-03-16,1094,4,17,24,27,31,10,11,,,,,103.0,3-2,2018-03-16 23:55:01,,local
2018-03-20,1095,26,29,37,39,44,9,11,,,,,175.0,3-2,2018-03-20 23:55:02,,local
2018-03-23,1096,5,7,11,46,50,8,11,,,,,119.0,3-2,2018-03-23 23:55:02,,local
2018-03-27,1097,17,20,23,40,46,9,10,,,,,146.0,2-3,2018-03-27 23:55:02,,local
2018-03-30,1098,12,17,28,35,47,7,11,,,,,139.0,3-2,2018-03-30 23:55:02,,local
2018-04-03,1099,3,8,16,40,43,5,8,,,,,110.0,2-3,2018-04-03 23:55:01,,local
2018-04-06,1100,1,29,33,45,47,4,8,,,,,155.0,5-0,2018-04-06 23:55:02,,local
2018-04-10,1101,14,27,39,46,48,11,12,,,,,174.0,2-3,2018-04-10 23:55:02,,local
2018-04-13,1102,5,25,34,48,50,6,7,,,,,162.0,2-3,2018-04-13 23:55:01,,local
2018-04-17,1103,15,27,33,39,50,4,6,,,,,164.0,4-1,2018-04-17 23:55:02,,local
2018-04-20,1104,3,16,25,39,44,7,11,,,,,127.0,3-2,2018-04-20 23:55:03,,local
2018-04-24,1105,20,23,28,30,44,3,7,,,,,145.0,1-4,2018-04-24 23:55:03,,local
2018-04-27,1106,12,24,40,41,46,5,12,,,,,163.0,1-4,2018-04-27 23:55:03,,local
2018-05-01,1107,6,15,17,42,48,4,6,,,,,128.0,2-3,2018-05-01 23:55:03,,local
2018-05-04,1108,6,12,23,39,45,9,12,,,,,125.0,3-2,2018-05-04 23:55:03,,local
2018-05-08,1109,17,25,35,39,44,2,5,,,,,160.0,4-1,2018-05-08 23:55:01,,local
2018-05-11,1110,3,22,34,49,50,8,11,,,,,158.0,2-3,2018-05-11 23:55:01,,local
2018-05-15,1111,4,16,20,31,39,2,12,,,,,110.0,2-3,2018-05-15 23:55:02,,local
2018-05-18,1112,5,8,10,13,31,3,6,,,,,67.0,3-2,2018-05-18 23:55:02,,local
2018-05-22,1113,1,11,37,41,48,8,12,,,,,138.0,4-1,2018-05-22 23:55:02,,local
2018-05-25,1114,13,15,16,28,41,4,5,,,,,113.0,3-2,2018-05-25 23:55:02,,local
2018-05-29,1115,6,11,20,38,43,2,4,,,,,118.0,2-3,2018-05-29 23:55:01,,local
2018-06-01,1116,17,18,24,29,40,4,5,,,,,128.0,2-3,2018-06-01 23:55:02,,local
2018-06-05,1117,9,15,22,39,46,4,5,,,,,131.0,3-2,2018-06-05 23:55:03,,local
2018-06-08,1118,8,19,32,43,46,2,8,,,,,148.0,2-3,2018-06-08 23:55:03,,local
2018-06-12,1119,7,21,23,36,38,6,8,,,,,125.0,3-2,2018-06-12 23:55:03,,local
2018-06-15,1120,23,26,33,38,49,1,12,,,,,169.0,3-2,2018-06-15 23:55:03,,local
2018-06-19,1121,7,19,26,42,50,4,9,,,,,144.0,2-3,2018-06-19 23:55:03,,local
2018-06-22,1122,14,25,39,41,44,2,8,,,,,163.0,3-2,2018-06-22 23:55:03,,local
2018-06-26,1123,15,16,20,34,50,4,7,,,,,135.0,1-4,2018-06-26 23:55:01,,local
2018-06-29,1124,15,21,23,40,48,3,12,,,,,147.0,3-2,2018-06-29 23:55:01,,local
2018-07-03,1125,1,12,15,29,48,3,5,,,,,105.0,3-2,2018-07-03 23:55:03,,local
2018-07-06,1126,8,30,33,38,48,2,10,,,,,157.0,1-4,2018-07-06 23:55:02,,local
2018-07-10,1127,3,8,26,33,45,7,10,,,,,115.0,3-2,2018-07-10 23:55:02,,local
2018-07-13,1128,1,4,14,21,49,2,12,,,,,89.0,3-2,2018-07-13 23:55:03,,local
2018-07-17,1129,4,6,27,48,50,1,11,,,,,135.0,1-4,2018-07-17 23:55:02,,local
2018-07-20,1130,2,15,40,43,46,3,6,,,,,146.0,2-3,2018-07-20 23:55:03,,local
2018-07-24,1131,2,4,23,39,40,3,9,,,,,108.0,2-3,2018-07-24 23:55:04,,local
2018-07-27,1132,11,17,22,23,41,6,11,,,,,114.0,4-1,2018-07-27 23:55:02,,local
2018-07-31,1133,20,25,34,42,45,6,11,,,,,166.0,2-3,2018-07-31 23:55:03,,local
2018-08-03,1134,7,26,36,38,43,6,12,,,,,150.0,2-3,2018-08-03 23:55:02,,local
2018-08-07,1135,16,28,29,30,36,8,10,,,,,139.0,1-4,2018-08-07 23:55:02,,local
2018-08-10,1136,18,20,36,43,44,3,9,,,,,161.0,1-4,2018-08-10 23:55:02,,local
2018-08-14,1137,1,15,18,25,31,9,11,,,,,90.0,4-1,2018-08-14 23:55:01,,local
2018-08-17,1138,2,15,18,24,43,8,12,,,,,102.0,2-3,2018-08-17 23:55:01,,local
2018-08-21,1139,16,23,42,43,49,10,12,,,,,173.0,3-2,2018-08-21 23:55:02,,local
2018-08-24,1140,3,14,31,36,50,1,12,,,,,134.0,2-3,2018-08-24 23:55:01,,local
2018-08-28,1141,4,16,32,42,46,8,12,,,,,140.0,0-5,2018-08-28 23:55:02,,local
2018-08-31,1142,4,30,31,38,42,4,6,,,,,145.0,1-4,2018-08-31 23:55:02,,local
2018-09-04,1143,5,14,28,30,47,4,11,,,,,124.0,2-3,2018-09-04 23:55:03,,local
2018-09-07,1144,4,23,27,31,50,1,8,,,,,135.0,3-2,2018-09-07 23:55:02,,local
2018-09-11,1145,9,18,32,38,46,2,3,,,,,143.0,1-4,2018-09-11 23:55:03,,local
2018-09-14,1146,1,3,33,40,45,3,4,,,,,122.0,4-1,2018-09-14 23:55:03,,local
2018-09-18,1147,3,8,10,32,45,4,12,,,,,98.0,2-3,2018-09-18 23:55:02,,local
2018-09-21,1148,5,7,21,25,37,3,4,,,,,95.0,5-0,2018-09-21 23:55:03,,local
2018-09-25,1149,6,15,20,30,38,4,7,,,,,109.0,1-4,2018-09-25 23:55:01,,local
2018-09-28,1150,2,4,8,27,50,2,9,,,,,91.0,1-4,2018-09-28 23:55:01,,local
2018-10-02,1151,7,17,29,37,45,3,11,,,,,135.0,5-0,2018-10-02 23:55:01,,local
2018-10-05,1152,8,16,24,26,35,3,11,,,,,109.0,1-4,2018-10-05 23:55:02,,local
2018-10-09,1153,3,12,36,44,45,8,11,,,,,140.0,2-3,2018-10-09 23:55:02,,local
2018-10-12,1154,4,9,12,31,43,5,8,,,,,99.0,3-2,2018-10-12 23:55:01,,local
2018-10-16,1155,15,28,37,40,42,1,6,,,,,162.0,2-3,2018-10-16 23:55:02,,local
2018-10-19,1156,1,3,29,47,48,3,12,,,,,128.0,4-1,2018-10-19 23:55:01,,local
2018-10-23,1157,1,2,5,21,32,2,12,,,,,61.0,3-2,2018-10-23 23:55:01,,local
2018-10-26,1158,5,18,21,31,35,6,9,,,,,110.0,4-1,2018-10-26 23:55:03,,local
2018-10-30,1159,17,23,27,43,44,1,12,,,,,154.0,4-1,2018-10-30 23:55:02,,local
2018-11-02,1160,5,15,17,37,44,7,11,,,,,118.0,4-1,2018-11-02 23:55:01,,local
2018-11-06,1161,14,24,36,40,43,2,9,,,,,157.0,1-4,2018-11-06 23:55:01,,local
2018-11-09,1162,14,17,32,37,49,11,12,,,,,149.0,3-2,2018-11-09 23:55:01,,local
2018-11-13,1163,2,7,10,13,42,3,6,,,,,74.0,2-3,2018-11-13 23:55:01,,local
2018-11-16,1164,9,10,13,28,41,1,12,,,,,101.0,3-2,2018-11-16 23:55:02,,local
2018-11-20,1165,6,19,39,45,48,7,12,,,,,157.0,3-2,2018-11-20 23:55:02,,local
2018-11-23,1166,5,8,25,26,30,3,10,,,,,94.0,2-3,2018-11-23 23:55:01,,local
2018-11-27,1167,4,16,17,18,32,2,11,,,,,87.0,1-4,2018-11-27 23:55:02,,local
2018-11-30,1168,3,10,12,23,26,1,12,,,,,74.0,2-3,2018-11-30 23:55:01,,local
2018-12-04,1169,19,20,21,42,45,8,9,,,,,147.0,3-2,2018-12-04 23:55:01,,local
2018-12-07,1170,11,17,26,37,48,1,10,,,,,139.0,3-2,2018-12-07 23:55:01,,local
2018-12-11,1171,4,7,13,23,42,1,3,,,,,89.0,3-2,2018-12-11 23:55:01,,local
2018-12-14,1172,12,29,38,42,44,2,12,,,,,165.0,1-4,2018-12-14 23:55:01,,local
2018-12-18,1173,1,9,18,39,48,5,7,,,,,115.0,3-2,2018-12-18 23:55:01,,local
2018-12-21,1174,2,12,15,34,50,3,4,,,,,113.0,1-4,2018-12-21 23:55:02,,local
2018-12-25,1175,4,5,8,31,43,2,9,,,,,91.0,3-2,2018-12-25 23:55:01,,local
2018-12-28,1176,13,16,34,35,45,10,12,,,,,143.0,3-2,2018-12-28 23:55:01,,local
2019-01-01,1177,1,8,11,25,28,4,6,,,,,73.0,3-2,2019-01-01 23:55:01,,local
2019-01-04,1178,7,11,19,27,37,6,10,,,,,101.0,5-0,2019-01-04 23:55:01,,local
2019-01-08,1179,3,19,22,31,32,2,11,,,,,107.0,3-2,2019-01-08 23:55:01,,local
2019-01-11,1180,1,19,31,39,48,1,6,,,,,138.0,4-1,2019-01-11 22:25:00,,local
2019-01-15,1181,22,25,29,33,35,3,6,,,,,144.0,4-1,2019-01-15 23:55:01,,local
2019-01-18,1182,5,6,16,30,46,5,10,,,,,103.0,1-4,2019-01-18 23:55:03,,local
2019-01-22,1183,9,23,29,41,49,8,10,,,,,151.0,5-0,2019-01-22 23:55:03,,local
2019-01-25,1184,1,6,13,15,16,6,10,,,,,51.0,3-2,2019-01-25 23:55:03,,local
2019-01-29,1185,14,24,26,32,39,3,8,,,,,135.0,1-4,2019-01-29 23:55:03,,local
2019-02-01,1186,3,21,26,41,46,1,6,,,,,137.0,3-2,2019-02-01 23:55:02,,local
2019-02-05,1187,14,25,31,37,43,2,3,,,,,150.0,4-1,2019-02-05 23:00:06,,local
2019-02-08,1188,11,12,13,39,46,7,10,,,,,121.0,3-2,2019-02-08 23:00:03,,local
2019-02-12,1189,6,34,36,41,50,1,5,,,,,167.0,1-4,2019-02-12 23:00:03,,local
2019-02-15,1190,15,27,34,38,49,2,10,,,,,163.0,3-2,2019-02-15 22:32:59,,local
2019-02-19,1191,1,8,18,19,39,7,9,,,,,85.0,3-2,2019-02-19 22:27:47,,local
2019-02-22,1192,3,27,29,33,50,3,7,,,,,142.0,4-1,2019-02-22 22:10:18,,local
2019-02-26,1193,3,15,29,35,47,3,4,,,,,129.0,5-0,2019-02-26 23:00:03,,local
2019-03-01,1194,6,9,19,26,31,11,12,,,,,91.0,3-2,2019-03-01 23:00:04,,local
2019-03-05,1195,6,10,16,39,46,8,11,,,,,117.0,1-4,2019-03-05 22:41:17,,local
2019-03-08,1196,17,18,19,24,40,4,8,,,,,118.0,2-3,2019-03-08 23:00:04,,local
2019-03-12,1197,5,7,13,19,31,2,9,,,,,75.0,5-0,2019-03-12 22:00:03,,local
2019-03-15,1198,3,15,24,42,46,9,12,,,,,130.0,2-3,2019-03-15 23:00:03,,local
2019-03-19,1199,1,6,9,34,47,7,12,,,,,97.0,3-2,2019-03-20 21:56:28,,local
2019-03-22,1200,4,17,26,30,43,6,11,,,,,120.0,2-3,2019-03-22 22:00:04,,local
2019-03-26,1201,12,19,23,43,47,2,6,,,,,144.0,4-1,2019-03-26 23:00:03,,local
2019-03-29,1202,13,23,26,32,47,6,10,,,,,141.0,3-2,2019-03-29 22:14:11,,local
2019-04-02,1203,2,9,16,26,36,6,7,,,,,89.0,1-4,2019-04-02 23:00:02,,local
2019-04-05,1204,1,7,10,29,45,3,5,,,,,92.0,4-1,2019-04-05 22:30:29,,local
2019-04-09,1205,18,21,29,38,41,1,11,,,,,147.0,3-2,2019-04-09 22:00:01,,local
2019-04-12,1206,1,28,35,36,46,6,9,,,,,146.0,2-3,2019-04-12 22:00:02,,local
2019-04-16,1207,1,8,15,44,49,2,11,,,,,117.0,3-2,2019-04-16 22:16:18,,local
2019-04-19,1208,7,8,32,41,49,5,11,,,,,137.0,3-2,2019-04-19 22:00:01,,local
2019-04-23,1209,18,23,27,42,44,2,7,,,,,154.0,2-3,2019-04-23 23:00:02,,local
2019-04-26,1210,14,33,35,47,50,9,11,,,,,179.0,3-2,2019-04-26 22:00:02,,local
2019-04-30,1211,5,12,20,26,48,2,11,,,,,111.0,1-4,2019-04-30 22:00:01,,local
2019-05-03,1212,2,9,20,27,43,5,6,,,,,101.0,3-2,2019-05-03 22:00:01,,local
2019-05-07,1213,7,20,26,32,47,2,11,,,,,132.0,2-3,2019-05-07 22:00:04,,local
2019-05-10,1214,1,4,27,45,48,1,7,,,,,125.0,3-2,2019-05-10 22:00:02,,local
2019-05-14,1215,10,14,17,25,50,2,10,,,,,116.0,2-3,2019-05-15 09:38:02,,local
2019-05-17,1216,16,28,42,43,45,6,7,,,,,174.0,2-3,2019-05-17 22:00:02,,local
2019-05-21,1217,32,33,34,39,47,8,12,,,,,185.0,3-2,2019-05-21 22:00:02,,local
2019-05-24,1218,5,16,23,30,49,6,7,,,,,123.0,3-2,2019-05-24 23:00:02,,local
2019-05-28,1219,7,19,20,28,29,1,5,,,,,103.0,3-2,2019-05-28 22:00:02,,local
2019-05-31,1220,1,23,24,26,35,1,11,,,,,109.0,3-2,2019-05-31 22:00:01,,local
2019-06-04,1221,9,31,32,39,41,2,8,,,,,152.0,4-1,2019-06-04 22:12:09,,local
2019-06-07,1222,1,4,16,20,34,2,5,,,,,75.0,1-4,2019-06-07 23:00:01,,local
2019-06-11,1223,25,27,39,42,46,11,12,,,,,179.0,3-2,2019-06-11 23:00:02,,local
2019-06-14,1224,1,13,30,31,39,2,7,,,,,114.0,4-1,2019-06-14 22:00:01,,local
2019-06-18,1225,12,24,37,40,44,3,7,,,,,157.0,1-4,2019-06-18 22:00:01,,local
2019-06-21,1226,5,8,9,25,39,3,7,,,,,86.0,4-1,2019-06-21 22:00:02,,local
2019-06-25,1227,6,26,27,34,46,1,9,,,,,139.0,1-4,2019-06-25 23:00:02,,local
2019-06-28,1228,1,3,16,33,49,2,11,,,,,102.0,4-1,2019-06-28 23:00:02,,local
2019-07-02,1229,11,19,29,44,45,8,12,,,,,148.0,4-1,2019-07-02 22:00:04,,local
2019-07-05,1230,2,9,20,34,42,6,9,,,,,107.0,1-4,2019-07-05 23:00:03,,local
2019-07-09,1231,7,29,32,36,41,6,7,,,,,145.0,3-2,2019-07-09 23:00:03,,local
2019-07-12,1232,2,31,39,45,47,4,8,,,,,164.0,4-1,2019-07-12 22:00:01,,local
2019-07-16,1233,3,5,13,18,39,7,8,,,,,78.0,4-1,2019-07-16 23:00:02,,local
2019-07-19,1234,13,14,17,26,28,2,7,,,,,98.0,2-3,2019-07-19 22:00:02,,local
2019-07-23,1235,1,14,19,23,38,3,7,,,,,95.0,3-2,2019-07-23 23:00:02,,local
2019-07-26,1236,2,5,27,37,42,3,10,,,,,113.0,3-2,2019-07-26 23:00:02,,local
2019-07-30,1237,15,20,23,27,40,3,6,,,,,125.0,3-2,2019-07-30 22:00:01,,local
2019-08-02,1238,13,22,33,44,50,2,5,,,,,162.0,2-3,2019-08-02 23:00:02,,local
2019-08-06,1239,12,13,29,36,38,4,12,,,,,128.0,2-3,2019-08-06 22:00:02,,local
2019-08-09,1240,2,14,35,41,42,10,11,,,,,134.0,2-3,2019-08-09 23:00:02,,local
2019-08-13,1241,13,29,31,33,40,2,3,,,,,146.0,4-1,2019-08-13 23:00:02,,local
2019-08-16,1242,9,10,27,37,42,1,5,,,,,125.0,3-2,2019-08-16 23:00:02,,local
2019-08-20,1243,20,22,23,24,37,1,4,,,,,126.0,2-3,2019-08-20 23:00:02,,local
2019-08-23,1244,4,17,35,42,45,2,8,,,,,143.0,3-2,2019-08-23 23:00:02,,local
2019-08-27,1245,8,26,35,43,47,1,9,,,,,159.0,3-2,2019-08-27 22:00:02,,local
2019-08-30,1246,25,27,45,46,49,4,6,,,,,192.0,4-1,2019-08-30 23:00:02,,local
2019-09-03,1247,7,11,38,39,44,7,10,,,,,139.0,3-2,2019-09-03 23:00:02,,local
2019-09-06,1248,10,13,22,40,48,2,5,,,,,133.0,1-4,2019-09-06 23:00:01,,local
2019-09-10,1249,3,22,25,30,49,3,6,,,,,129.0,3-2,2019-09-10 22:00:01,,local
2019-09-13,1250,1,12,27,42,47,6,7,,,,,129.0,3-2,2019-09-13 22:00:01,,local
2019-09-17,1251,22,37,43,44,45,1,12,,,,,191.0,3-2,2019-09-17 22:00:02,,local
2019-09-20,1252,8,21,25,38,50,4,8,,,,,142.0,2-3,2019-09-20 23:00:02,,local
2019-09-24,1253,2,33,42,47,48,1,2,,,,,172.0,2-3,2019-09-24 22:00:01,,local
2019-09-27,1254,24,37,41,43,46,2,8,,,,,191.0,3-2,2019-09-27 23:00:02,,local
2019-10-01,1255,2,11,18,40,46,1,4,,,,,117.0,1-4,2019-10-01 23:00:02,,local
2019-10-04,1256,6,9,35,41,44,6,9,,,,,135.0,3-2,2019-10-04 23:00:02,,local
2019-10-08,1257,7,10,15,44,49,3,12,,,,,125.0,3-2,2019-10-08 23:00:02,,local
2019-10-11,1258,2,14,19,42,45,5,6,,,,,122.0,2-3,2019-10-11 23:00:02,,local
2019-10-15,1259,3,28,31,32,34,4,5,,,,,128.0,2-3,2019-10-15 22:00:01,,local
2019-10-18,1260,8,18,22,41,42,11,12,,,,,131.0,1-4,2019-10-18 22:00:02,,local
2019-10-22,1261,2,5,32,33,47,7,8,,,,,119.0,3-2,2019-10-22 23:00:05,,local
2019-10-25,1262,34,37,39,40,50,4,10,,,,,200.0,2-3,2019-10-25 22:00:01,,local
2019-10-29,1263,16,18,28,42,49,5,10,,,,,153.0,1-4,2019-10-29 22:00:02,,local
2019-11-01,1264,2,20,39,44,48,5,7,,,,,153.0,1-4,2019-11-01 23:00:02,,local
2019-11-05,1265,9,14,25,33,48,2,12,,,,,129.0,3-2,2019-11-05 23:00:02,,local
2019-11-08,1266,8,17,20,23,45,2,8,,,,,113.0,3-2,2019-11-08 23:00:01,,local
2019-11-12,1267,1,21,23,25,39,2,4,,,,,109.0,5-0,2019-11-12 22:00:01,,local
2019-11-15,1268,3,13,20,32,34,4,11,,,,,102.0,2-3,2019-11-15 23:00:02,,local
2019-11-19,1269,8,10,15,30,42,4,6,,,,,105.0,1-4,2019-11-19 23:00:02,,local
2019-11-22,1270,3,21,32,34,48,3,11,,,,,138.0,2-3,2019-11-22 22:00:01,,local
2019-11-26,1271,2,3,15,19,34,5,8,,,,,73.0,3-2,2019-11-26 23:00:01,,local
2019-11-29,1272,3,7,12,42,50,6,8,,,,,114.0,2-3,2019-11-29 22:00:02,,local
2019-12-03,1273,18,31,32,38,48,4,12,,,,,167.0,1-4,2019-12-05 11:41:34,,local
2019-12-06,1274,1,3,27,39,46,1,10,,,,,116.0,4-1,2019-12-06 22:00:02,,local
2019-12-10,1275,2,10,19,21,47,2,8,,,,,99.0,3-2,2019-12-10 23:00:01,,local
2019-12-13,1276,9,16,18,23,32,2,10,,,,,98.0,2-3,2019-12-13 23:00:01,,local
2019-12-17,1277,1,7,12,25,49,6,9,,,,,94.0,4-1,2019-12-17 23:00:02,,local
2019-12-20,1278,8,24,30,32,34,3,4,,,,,128.0,0-5,2019-12-20 23:00:02,,local
2019-12-24,1279,3,11,13,14,47,3,6,,,,,88.0,4-1,2019-12-24 22:00:02,,local
2019-12-27,1280,1,7,22,26,35,5,10,,,,,91.0,3-2,2019-12-27 22:00:03,,local
2019-12-31,1281,26,31,33,41,48,2,4,,,,,179.0,3-2,2019-12-31 23:00:02,,local
2020-01-03,1282,5,15,20,36,47,8,12,,,,,123.0,3-2,2020-01-03 23:00:01,,local
2020-01-07,1283,5,8,12,37,43,6,11,,,,,105.0,3-2,2020-01-07 23:00:02,,local
2020-01-10,1284,6,17,32,44,46,2,6,,,,,145.0,1-4,2020-01-10 23:00:02,,local
2020-01-14,1285,21,25,29,39,44,8,9,,,,,158.0,4-1,2020-01-14 22:32:04,,local
2020-01-17,1286,8,19,20,29,44,3,8,,,,,120.0,2-3,2020-01-18 19:42:15,,local
2020-01-21,1287,10,11,24,36,46,3,5,,,,,127.0,1-4,2020-01-21 23:00:02,,local
2020-01-24,1288,3,4,6,9,24,5,8,,,,,46.0,2-3,2020-01-24 22:00:02,,local
2020-01-28,1289,1,19,27,31,38,4,5,,,,,116.0,4-1,2020-01-28 23:00:02,,local
2020-01-31,1290,13,18,20,23,30,2,4,,,,,104.0,2-3,2020-01-31 22:00:01,,local
2020-02-04,1291,21,23,33,35,47,6,7,,,,,159.0,5-0,2020-02-04 23:00:01,,local
2020-02-07,1292,9,15,17,25,40,3,9,,,,,106.0,4-1,2020-02-07 22:00:02,,local
2020-02-11,1293,24,26,32,43,46,6,10,,,,,171.0,1-4,2020-02-11 22:00:01,,local
2020-02-14,1294,5,20,35,41,49,6,10,,,,,150.0,4-1,2020-02-14 23:00:01,,local
2020-02-18,1295,11,32,34,38,47,2,10,,,,,162.0,2-3,2020-02-18 22:00:02,,local
2020-02-21,1296,7,23,30,32,45,5,9,,,,,137.0,3-2,2020-02-21 22:00:02,,local
2020-02-25,1297,1,4,18,27,42,4,6,,,,,92.0,2-3,2020-02-25 23:00:01,,local
2020-02-28,1298,8,11,20,22,23,3,4,,,,,84.0,2-3,2020-02-28 23:00:01,,local
2020-03-03,1299,4,14,27,44,45,1,10,,,,,134.0,2-3,2020-03-03 22:00:02,,local
2020-03-06,1300,15,38,43,45,46,1,11,,,,,187.0,3-2,2020-03-06 23:00:02,,local
2020-03-10,1301,11,23,30,37,43,5,12,,,,,144.0,4-1,2020-03-10 23:00:02,,local
2020-03-13,1302,3,11,21,27,36,9,10,,,,,98.0,4-1,2020-03-13 22:00:01,,local
2020-03-17,1303,5,7,8,16,20,2,12,,,,,56.0,2-3,2020-03-17 23:00:01,,local
2020-03-20,1304,3,9,20,34,40,6,12,,,,,106.0,2-3,2020-03-20 23:00:01,,local
2020-03-24,1305,7,12,26,30,33,10,11,,,,,108.0,2-3,2020-03-24 23:00:02,,local
2020-03-27,1306,11,14,27,41,46,2,3,,,,,139.0,3-2,2020-03-27 22:00:02,,local
2020-03-31,1307,12,17,24,30,36,1,9,,,,,119.0,1-4,2020-03-31 23:00:02,,local
2020-04-03,1308,16,19,34,46,50,2,6,,,,,165.0,1-4,2020-04-03 23:00:02,,local
2020-04-07,1309,4,5,14,33,48,7,12,,,,,104.0,2-3,2020-04-07 22:00:02,,local
2020-04-10,1310,3,10,17,33,39,1,4,,,,,102.0,4-1,2020-04-10 23:00:02,,local
2020-04-14,1311,6,29,34,35,40,4,11,,,,,144.0,2-3,2020-04-14 23:00:02,,local
2020-04-17,1312,16,28,32,37,45,1,11,,,,,158.0,2-3,2020-04-17 23:00:02,,local
2020-04-21,1313,10,11,14,23,28,6,8,,,,,86.0,2-3,2020-04-21 23:00:02,,local
2020-04-24,1314,1,5,19,21,28,4,7,,,,,74.0,4-1,2020-04-24 22:00:02,,local
2020-04-28,1315,15,23,26,28,32,1,5,,,,,124.0,2-3,2020-04-28 23:00:02,,local
2020-05-01,1316,19,20,38,45,47,2,6,,,,,169.0,3-2,2020-05-02 13:15:40,,local
2020-05-05,1317,2,10,22,27,41,2,3,,,,,102.0,2-3,2020-05-05 22:00:02,,local
2020-05-08,1318,8,25,32,33,38,7,9,,,,,136.0,2-3,2020-05-08 22:00:02,,local
2020-05-12,1319,9,16,29,37,39,4,11,,,,,130.0,4-1,2020-05-12 23:00:02,,local
2020-05-15,1320,11,23,32,34,39,1,6,,,,,139.0,3-2,2020-05-15 22:00:03,,local
2020-05-19,1321,5,25,32,37,43,6,7,,,,,142.0,4-1,2020-05-19 23:00:02,,local
2020-05-22,1322,3,18,22,27,32,2,7,,,,,102.0,2-3,2020-05-23 00:01:12,,local
2020-05-26,1323,4,9,14,21,27,4,6,,,,,75.0,3-2,2020-05-26 22:00:02,,local
2020-05-29,1324,4,8,11,19,46,4,8,,,,,88.0,2-3,2020-05-29 22:00:02,,local
2020-06-02,1325,10,12,22,26,49,7,11,,,,,119.0,1-4,2020-06-02 22:00:02,,local
2020-06-05,1326,5,11,17,24,37,3,6,,,,,94.0,4-1,2020-06-05 22:00:02,,local
2020-06-09,1327,5,15,27,36,46,2,8,,,,,129.0,3-2,2020-06-09 23:00:01,,local
2020-06-12,1328,2,24,39,45,46,4,8,,,,,156.0,2-3,2020-06-12 22:00:02,,local
2020-06-16,1329,4,9,11,17,39,2,10,,,,,80.0,4-1,2020-06-16 22:00:02,,local
2020-06-19,1330,5,14,19,24,43,3,11,,,,,105.0,3-2,2020-06-19 22:00:01,,local
2020-06-23,1331,2,12,19,46,49,1,8,,,,,128.0,2-3,2020-06-23 22:00:02,,local
2020-06-26,1332,1,10,12,21,26,5,11,,,,,70.0,2-3,2020-06-26 23:00:02,,local
2020-06-30,1333,1,6,11,28,42,2,10,,,,,88.0,2-3,2020-06-30 23:00:02,,local
2020-07-03,1334,4,16,27,37,39,3,6,,,,,123.0,3-2,2020-07-03 22:50:11,,local
2020-07-07,1335,12,16,23,33,41,8,10,,,,,125.0,3-2,2020-07-07 22:13:24,,local
2020-07-10,1336,15,17,23,30,38,2,7,,,,,123.0,3-2,2020-07-10 23:00:01,,local
2020-07-14,1337,11,22,30,37,47,9,10,,,,,147.0,3-2,2020-07-14 22:00:02,,local
2020-07-17,1338,7,15,27,41,43,7,9,,,,,133.0,5-0,2020-07-17 22:00:02,,local
2020-07-21,1339,14,15,24,29,42,2,4,,,,,124.0,2-3,2020-07-21 22:00:02,,local
2020-07-24,1340,8,9,27,28,50,4,12,,,,,122.0,2-3,2020-07-24 23:00:02,,local
2020-07-28,1341,9,13,15,17,34,2,7,,,,,88.0,4-1,2020-07-28 23:00:02,,local
2020-07-31,1342,21,24,30,46,49,2,5,,,,,170.0,2-3,2020-07-31 22:00:01,,local
2020-08-04,1343,1,2,5,15,42,5,8,,,,,65.0,3-2,2020-08-04 22:00:02,,local
2020-08-07,1344,5,20,21,36,41,6,11,,,,,123.0,3-2,2020-08-07 23:00:02,,local
2020-08-11,1345,8,13,14,42,50,3,9,,,,,127.0,1-4,2020-08-11 23:00:02,,local
2020-08-14,1346,9,10,19,42,49,4,12,,,,,129.0,3-2,2020-08-14 22:00:01,,local
2020-08-18,1347,6,12,17,34,42,5,12,,,,,111.0,1-4,2020-08-18 22:00:03,,local
2020-08-21,1348,10,15,35,44,50,3,5,,,,,154.0,2-3,2020-08-21 23:00:03,,local
2020-08-25,1349,7,18,30,37,39,8,10,,,,,131.0,3-2,2020-08-25 22:00:04,,local
2020-08-28,1350,7,12,16,17,31,7,9,,,,,83.0,3-2,2020-08-28 22:00:03,,local
2020-09-01,1351,4,8,10,33,46,8,11,,,,,101.0,1-4,2020-09-01 23:00:02,,local
2020-09-04,1352,6,22,29,40,43,4,7,,,,,140.0,2-3,2020-09-04 23:00:03,,local
2020-09-08,1353,2,9,31,35,41,9,12,,,,,118.0,4-1,2020-09-08 22:00:04,,local
2020-09-11,1354,34,38,42,43,45,9,12,,,,,202.0,2-3,2020-09-11 23:00:03,,local
2020-09-15,1355,16,20,25,30,38,6,8,,,,,129.0,1-4,2020-09-15 23:00:03,,local
2020-09-18,1356,2,10,19,25,45,1,7,,,,,101.0,3-2,2020-09-18 23:00:03,,local
2020-09-22,1357,16,25,28,39,40,1,6,,,,,148.0,2-3,2020-09-22 23:00:04,,local
2020-09-25,1358,19,23,34,37,45,1,7,,,,,158.0,4-1,2020-09-25 22:32:43,,local
2020-09-29,1359,4,14,16,41,44,11,12,,,,,119.0,1-4,2020-09-29 23:00:04,,local
2020-10-02,1360,6,12,15,40,45,3,9,,,,,118.0,2-3,2020-10-02 22:00:03,,local
2020-10-06,1361,4,21,36,41,47,9,11,,,,,149.0,3-2,2020-10-06 22:00:04,,local
2020-10-09,1362,11,15,35,41,50,5,8,,,,,152.0,4-1,2020-10-09 22:00:04,,local
2020-10-13,1363,5,14,38,41,46,1,10,,,,,144.0,2-3,2020-10-13 22:00:04,,local
2020-10-16,1364,15,33,38,40,50,3,6,,,,,176.0,2-3,2020-10-16 22:00:04,,local
2020-10-20,1365,5,6,15,37,42,3,4,,,,,105.0,3-2,2020-10-20 23:00:32,,local
2020-10-23,1366,10,15,19,21,23,3,12,,,,,88.0,4-1,2020-10-23 23:00:05,,local
2020-10-27,1367,13,15,28,32,44,3,12,,,,,132.0,2-3,2020-10-27 22:00:04,,local
2020-10-30,1368,12,16,20,21,28,3,9,,,,,97.0,1-4,2020-10-30 23:00:32,,local
2020-11-03,1369,5,7,18,20,30,6,7,,,,,80.0,2-3,2020-11-03 22:00:03,,local
2020-11-06,1370,7,12,37,40,50,1,2,,,,,146.0,2-3,2020-11-06 22:00:05,,local
2020-11-10,1371,3,19,29,32,38,5,12,,,,,121.0,3-2,2020-11-10 22:00:03,,local
2020-11-13,1372,1,5,17,28,31,1,10,,,,,82.0,4-1,2020-11-13 22:00:04,,local
2020-11-17,1373,16,19,25,30,44,2,6,,,,,134.0,2-3,2020-11-17 22:00:04,,local
2020-11-20,1374,28,29,39,48,50,5,7,,,,,194.0,2-3,2020-11-20 22:00:04,,local
2020-11-24,1375,25,33,38,42,50,8,12,,,,,188.0,2-3,2020-11-24 23:00:03,,local
2020-11-27,1376,2,5,8,14,16,8,9,,,,,45.0,1-4,2020-11-27 23:00:04,,local
2020-12-01,1377,14,20,29,47,49,4,12,,,,,159.0,3-2,2020-12-01 22:00:04,,local
2020-12-04,1378,14,20,27,34,38,1,11,,,,,133.0,1-4,2020-12-04 22:00:03,,local
2020-12-08,1379,1,4,21,24,46,2,12,,,,,96.0,2-3,2020-12-08 23:00:02,,local
2020-12-11,1380,6,9,13,24,41,3,12,,,,,93.0,3-2,2020-12-11 22:00:03,,local
2020-12-15,1381,9,13,21,29,35,1,2,,,,,107.0,5-0,2020-12-15 23:00:04,,local
2020-12-18,1382,2,3,13,17,21,7,8,,,,,56.0,4-1,2020-12-18 22:00:04,,local
2020-12-22,1383,2,10,16,42,50,4,11,,,,,120.0,0-5,2020-12-22 23:00:04,,local
2020-12-25,1384,16,21,27,30,32,3,5,,,,,126.0,2-3,2020-12-25 23:00:03,,local
2020-12-29,1385,7,32,39,40,45,3,8,,,,,163.0,3-2,2020-12-29 22:00:05,,local
2021-01-01,1386,16,28,32,44,48,1,9,,,,,168.0,0-5,2021-01-01 23:00:04,,local
2021-01-05,1387,12,34,37,38,42,1,3,,,,,163.0,1-4,2021-01-05 23:00:01,,local
2021-01-08,1388,18,23,37,41,42,4,6,,,,,161.0,3-2,2021-01-08 22:00:04,,local
2021-01-12,1389,2,10,18,34,35,6,9,,,,,99.0,1-4,2021-01-12 22:00:04,,local
2021-01-15,1390,4,10,27,38,40,3,11,,,,,119.0,1-4,2021-01-15 23:00:32,,local
2021-01-19,1391,25,27,31,35,43,5,6,,,,,161.0,5-0,2021-01-19 22:00:01,,local
2021-01-22,1392,8,16,42,44,47,6,7,,,,,157.0,1-4,2021-01-22 22:00:02,,local
2021-01-26,1393,5,7,25,37,40,2,8,,,,,114.0,4-1,2021-01-26 23:00:02,,local
2021-01-29,1394,1,5,27,36,42,1,6,,,,,111.0,3-2,2021-01-29 23:00:32,,local
2021-02-02,1395,18,20,35,38,48,9,12,,,,,159.0,1-4,2021-02-02 22:00:04,,local
2021-02-05,1396,12,19,37,44,45,2,6,,,,,157.0,3-2,2021-02-05 22:00:04,,local
2021-02-09,1397,5,10,24,31,37,9,10,,,,,107.0,3-2,2021-02-09 23:00:02,,local
2021-02-12,1398,7,23,30,32,36,8,12,,,,,128.0,2-3,2021-02-12 22:00:02,,local
2021-02-16,1399,5,9,25,29,30,6,7,,,,,98.0,4-1,2021-02-16 22:00:02,,local
2021-02-19,1400,4,12,25,46,48,7,12,,,,,135.0,1-4,2021-02-19 22:00:02,,local
2021-02-23,1401,9,18,30,39,45,1,3,,,,,141.0,3-2,2021-02-23 22:00:06,,local
2021-02-26,1402,6,12,22,29,33,6,11,,,,,102.0,2-3,2021-02-26 23:00:32,,local
2021-03-02,1403,2,19,24,26,49,6,7,,,,,120.0,2-3,2021-03-02 22:00:07,,local
2021-03-05,1404,4,5,39,46,48,7,10,,,,,142.0,2-3,2021-03-05 22:00:05,,local
2021-03-09,1405,1,16,21,32,33,11,12,,,,,103.0,3-2,2021-03-09 22:00:33,,local
2021-03-12,1406,4,6,9,11,44,10,11,,,,,74.0,2-3,2021-03-12 22:00:03,,local
2021-03-16,1407,23,25,32,35,47,2,6,,,,,162.0,4-1,2021-03-16 22:00:04,,local
2021-03-19,1408,3,9,35,43,44,1,10,,,,,134.0,4-1,2021-03-19 22:00:32,,local
2021-03-23,1409,2,26,29,36,49,3,9,,,,,142.0,2-3,2021-03-23 22:00:32,,local
2021-03-26,1410,10,12,37,49,50,3,8,,,,,158.0,2-3,2021-03-26 22:00:33,,local
2021-03-30,1411,24,27,28,29,42,4,8,,,,,150.0,2-3,2021-03-30 22:00:02,,local
2021-04-02,1412,4,21,34,40,47,2,5,,,,,146.0,2-3,2021-04-02 23:00:04,,local
2021-04-06,1413,2,21,37,38,50,7,8,,,,,148.0,2-3,2021-04-06 22:00:33,,local
2021-04-09,1414,2,8,32,35,44,8,11,,,,,121.0,1-4,2021-04-09 22:00:01,,local
2021-04-13,1415,16,20,31,47,50,2,8,,,,,164.0,2-3,2021-04-13 22:00:06,,local
2021-04-16,1416,6,11,29,40,48,5,9,,,,,134.0,2-3,2021-04-16 22:00:04,,local
2021-04-20,1417,5,17,28,41,46,10,11,,,,,137.0,3-2,2021-04-20 23:00:02,,local
2021-04-23,1418,3,14,15,19,29,2,8,,,,,80.0,4-1,2021-04-23 22:00:06,,local
2021-04-27,1419,13,14,24,35,49,1,10,,,,,135.0,3-2,2021-04-27 22:00:05,,local
2021-04-30,1420,1,16,24,28,46,2,11,,,,,115.0,1-4,2021-04-30 23:00:06,,local
2021-05-04,1421,3,10,13,28,46,4,11,,,,,100.0,2-3,2021-05-04 22:00:02,,local
2021-05-07,1422,14,22,33,38,47,8,9,,,,,154.0,2-3,2021-05-07 22:00:02,,local
2021-05-11,1423,14,25,34,43,46,5,6,,,,,162.0,2-3,2021-05-11 23:00:01,,local
2021-05-14,1424,6,16,18,29,38,6,11,,,,,107.0,1-4,2021-05-14 22:00:02,,local
2021-05-18,1425,5,13,38,39,40,4,12,,,,,135.0,3-2,2021-05-18 22:00:02,,local
2021-05-21,1426,2,9,13,15,35,3,10,,,,,74.0,4-1,2021-05-21 22:00:33,,local
2021-05-25,1427,1,21,26,30,38,2,8,,,,,116.0,2-3,2021-05-25 22:00:02,,local
2021-05-28,1428,11,13,16,34,40,1,12,,,,,114.0,2-3,2021-05-28 22:00:02,,local
2021-06-01,1429,3,10,26,35,44,6,7,,,,,118.0,2-3,2021-06-01 22:00:05,,local
2021-06-04,1430,7,20,36,40,46,2,4,,,,,149.0,1-4,2021-06-04 23:00:02,,local
2021-06-08,1431,2,11,26,36,47,7,9,,,,,122.0,2-3,2021-06-08 22:00:01,,local
2021-06-11,1432,9,17,21,33,39,7,11,,,,,119.0,5-0,2021-06-11 22:00:01,,local
2021-06-15,1433,11,21,26,30,31,2,3,,,,,119.0,3-2,2021-06-15 22:00:02,,local
2021-06-18,1434,11,20,27,30,41,3,5,,,,,129.0,3-2,2021-06-18 22:00:01,,local
2021-06-22,1435,6,24,26,27,41,3,8,,,,,124.0,2-3,2021-06-22 22:00:01,,local
2021-06-25,1436,1,29,30,33,36,3,12,,,,,129.0,3-2,2021-06-25 22:00:02,,local
2021-06-29,1437,6,12,20,24,48,5,6,,,,,110.0,0-5,2021-06-29 22:00:04,,local
2021-07-02,1438,9,14,29,38,49,7,10,,,,,139.0,3-2,2021-07-02 22:00:02,,local
2021-07-06,1439,2,5,21,27,42,9,11,,,,,97.0,3-2,2021-07-06 23:00:01,,local
2021-07-09,1440,6,19,36,37,49,4,11,,,,,147.0,3-2,2021-07-09 22:00:32,,local
2021-07-13,1441,5,6,8,11,22,3,4,,,,,52.0,2-3,2021-07-13 22:00:04,,local
2021-07-16,1442,5,16,42,47,49,3,11,,,,,159.0,3-2,2021-07-16 22:00:04,,local
2021-07-20,1443,3,12,19,41,48,6,9,,,,,123.0,3-2,2021-07-20 22:00:02,,local
2021-07-23,1444,23,24,26,34,50,2,4,,,,,157.0,1-4,2021-07-23 22:00:02,,local
2021-07-27,1445,5,9,19,21,25,10,12,,,,,79.0,5-0,2021-07-27 22:00:02,,local
2021-07-30,1446,10,23,33,35,37,5,10,,,,,138.0,4-1,2021-07-30 22:00:01,,local
2021-08-03,1447,17,21,23,45,46,7,11,,,,,152.0,4-1,2021-08-03 23:00:28,,local
2021-08-06,1448,7,14,21,26,32,4,12,,,,,100.0,2-3,2021-08-06 22:00:04,,local
2021-08-10,1449,9,37,47,48,49,2,7,,,,,190.0,4-1,2021-08-10 22:00:02,,local
2021-08-13,1450,6,12,44,47,49,8,12,,,,,158.0,2-3,2021-08-13 22:00:03,,local
2021-08-17,1451,12,31,41,42,47,4,6,,,,,173.0,3-2,2021-08-17 22:00:28,,local
2021-08-20,1452,3,9,19,20,23,9,11,,,,,74.0,4-1,2021-08-20 23:00:04,,local
2021-08-24,1453,19,21,36,44,50,3,10,,,,,170.0,2-3,2021-08-24 22:00:31,,local
2021-08-27,1454,2,3,31,46,50,8,12,,,,,132.0,2-3,2021-08-27 22:00:06,,local
2021-08-31,1455,5,13,17,32,43,2,10,,,,,110.0,4-1,2021-08-31 22:00:09,,local
2021-09-03,1456,5,7,13,29,35,3,7,,,,,89.0,5-0,2021-09-03 22:00:10,,local
2021-09-07,1457,7,19,35,42,43,7,9,,,,,146.0,4-1,2021-09-07 22:00:08,,local
2021-09-10,1458,1,6,7,18,28,2,8,,,,,60.0,2-3,2021-09-10 22:00:12,,local
2021-09-14,1459,12,18,35,38,45,2,8,,,,,148.0,2-3,2021-09-14 22:00:33,,local
2021-09-17,1460,5,7,8,10,34,1,9,,,,,64.0,2-3,2021-09-17 22:00:02,,local
2021-09-21,1461,20,25,26,30,38,2,8,,,,,139.0,1-4,2021-09-21 22:00:02,,local
2021-09-24,1462,2,12,20,27,41,10,12,,,,,102.0,2-3,2021-09-24 22:00:05,,local
2021-09-28,1463,6,7,12,33,39,1,7,,,,,97.0,3-2,2021-09-28 22:00:01,,local
2021-10-01,1464,1,15,19,26,48,6,12,,,,,109.0,3-2,2021-10-01 22:00:06,,local
2021-10-05,1465,11,13,14,36,45,7,9,,,,,119.0,3-2,2021-10-05 23:00:02,,local
2021-10-08,1466,1,10,23,42,46,3,5,,,,,122.0,2-3,2021-10-08 22:00:02,,local
2021-10-12,1467,6,13,22,45,49,10,11,,,,,135.0,3-2,2021-10-12 22:00:02,,local
2021-10-15,1468,21,26,31,34,49,2,5,,,,,161.0,3-2,2021-10-15 22:00:03,,local
2021-10-19,1469,4,20,36,40,41,1,6,,,,,141.0,1-4,2021-10-19 22:00:04,,local
2021-10-22,1470,12,17,22,33,39,2,12,,,,,123.0,3-2,2021-10-22 22:00:02,,local
2021-10-26,1471,12,15,20,42,44,1,2,,,,,133.0,1-4,2021-10-26 22:00:03,,local
2021-10-29,1472,10,15,28,32,49,3,9,,,,,134.0,2-3,2021-10-29 23:00:02,,local
2021-11-02,1473,2,3,17,29,43,1,4,,,,,94.0,4-1,2021-11-02 22:00:01,,local
2021-11-05,1474,2,12,25,30,41,8,11,,,,,110.0,2-3,2021-11-05 22:00:02,,local
2021-11-09,1475,17,25,26,33,36,1,8,,,,,137.0,3-2,2021-11-09 22:00:04,,local
2021-11-12,1476,2,9,15,47,50,6,9,,,,,123.0,3-2,2021-11-12 22:00:04,,local
2021-11-16,1477,9,19,21,32,36,3,4,,,,,117.0,3-2,2021-11-16 22:00:31,,local
2021-11-19,1478,22,26,38,47,50,2,6,,,,,183.0,1-4,2021-11-19 22:00:02,,local
2021-11-23,1479,17,21,36,42,46,7,10,,,,,162.0,2-3,2021-11-23 23:00:27,,local
2021-11-26,1480,1,20,41,42,50,3,7,,,,,154.0,2-3,2021-11-26 22:00:01,,local
2021-11-30,1481,19,20,26,33,43,1,4,,,,,141.0,3-2,2021-11-30 22:00:04,,local
2021-12-03,1482,21,22,29,32,46,9,10,,,,,150.0,2-3,2021-12-03 22:00:32,,local
2021-12-07,1483,22,31,38,46,47,7,11,,,,,184.0,2-3,2021-12-07 22:00:32,,local
2021-12-10,1484,11,21,33,38,42,2,8,,,,,145.0,3-2,2021-12-10 22:00:03,,local
2021-12-14,1485,19,21,37,47,48,3,6,,,,,172.0,4-1,2021-12-14 22:00:02,,local
2021-12-17,1486,1,2,15,30,35,2,7,,,,,83.0,3-2,2021-12-17 22:00:01,,local
2021-12-21,1487,12,17,21,34,38,2,3,,,,,122.0,2-3,2021-12-21 23:00:31,,local
2021-12-24,1488,2,26,28,34,41,5,10,,,,,131.0,1-4,2021-12-24 22:00:02,,local
2021-12-28,1489,4,6,15,17,29,9,12,,,,,71.0,3-2,2021-12-28 22:00:02,,local
2021-12-31,1490,7,22,25,43,49,6,7,,,,,146.0,4-1,2021-12-31 22:00:32,,local
2022-01-04,1491,18,28,35,36,41,6,11,,,,,158.0,2-3,2022-01-04 22:00:02,,local
2022-01-07,1492,2,14,37,44,50,7,11,,,,,147.0,1-4,2022-01-07 22:00:03,,local
2022-01-11,1493,4,23,32,33,44,9,12,,,,,136.0,2-3,2022-01-11 22:00:02,,local
2022-01-14,1494,6,17,25,31,46,9,12,,,,,125.0,3-2,2022-01-14 22:00:32,,local
2022-01-18,1495,3,12,19,24,30,2,5,,,,,88.0,2-3,2022-01-18 22:00:31,,local
2022-01-21,1496,5,14,35,36,39,7,12,,,,,129.0,3-2,2022-01-22 10:23:14,,local
2022-01-25,1497,6,16,18,39,47,2,4,,,,,126.0,2-3,2022-01-25 22:00:02,,local
2022-01-28,1498,10,25,29,34,45,9,10,,,,,143.0,3-2,2022-01-28 22:00:02,,local
2022-02-01,1499,1,19,36,38,49,6,9,,,,,143.0,3-2,2022-02-01 22:00:02,,local
2022-02-04,1500,3,25,38,43,49,3,7,,,,,158.0,4-1,2022-02-04 23:00:02,,local
2022-02-08,1501,6,20,34,37,43,7,10,,,,,140.0,2-3,2022-02-08 22:00:01,,local
2022-02-11,1502,13,18,38,42,45,7,11,,,,,156.0,2-3,2022-02-11 23:00:01,,local
2022-02-15,1503,9,20,31,33,44,2,12,,,,,137.0,3-2,2022-02-15 23:00:32,,local
2022-02-18,1504,25,38,41,43,50,6,10,,,,,197.0,3-2,2022-02-18 22:00:01,,local
2022-02-22,1505,5,9,14,26,32,3,7,,,,,86.0,2-3,2022-02-22 22:00:01,,local
2022-02-25,1506,10,13,24,30,42,1,5,,,,,119.0,1-4,2022-02-25 22:00:03,,local
2022-03-01,1507,8,24,26,39,42,3,5,,,,,139.0,1-4,2022-03-01 22:00:32,,local
2022-03-04,1508,6,20,40,42,43,10,12,,,,,151.0,1-4,2022-03-04 23:00:01,,local
2022-03-08,1509,12,18,21,25,31,2,9,,,,,107.0,3-2,2022-03-08 22:00:01,,local
2022-03-11,1510,12,19,22,23,48,2,6,,,,,124.0,2-3,2022-03-11 22:00:01,,local
2022-03-15,1511,1,2,12,19,26,2,8,,,,,60.0,2-3,2022-03-15 22:00:02,,local
2022-03-18,1512,1,9,14,17,43,6,12,,,,,84.0,4-1,2022-03-18 22:00:02,,local
2022-03-22,1513,7,17,21,29,40,8,11,,,,,114.0,4-1,2022-03-22 22:00:01,,local
2022-03-25,1514,6,10,24,27,29,5,12,,,,,96.0,2-3,2022-03-25 22:00:02,,local
2022-03-29,1515,8,11,33,42,43,6,11,,,,,137.0,3-2,2022-03-29 22:00:01,,local
2022-04-01,1516,2,7,21,31,45,4,10,,,,,106.0,4-1,2022-04-01 22:00:01,,local
2022-04-05,1517,1,11,13,24,49,5,6,,,,,98.0,4-1,2022-04-05 22:00:04,,local
2022-04-08,1518,1,15,16,38,45,4,11,,,,,115.0,3-2,2022-04-08 22:00:01,,local
2022-04-12,1519,21,30,31,35,47,2,10,,,,,164.0,4-1,2022-04-12 23:00:02,,local
2022-04-15,1520,6,24,30,32,48,5,6,,,,,140.0,0-5,2022-04-15 22:00:02,,local
2022-04-19,1521,2,12,17,28,46,6,10,,,,,105.0,1-4,2022-04-19 23:00:02,,local
2022-04-22,1522,6,11,21,35,36,1,9,,,,,109.0,3-2,2022-04-22 22:00:01,,local
2022-04-26,1523,4,25,28,34,45,8,11,,,,,136.0,2-3,2022-04-26 22:00:02,,local
2022-04-29,1524,10,11,20,36,37,3,7,,,,,114.0,2-3,2022-04-29 22:00:04,,local
2022-05-03,1525,8,20,26,47,48,3,8,,,,,149.0,1-4,2022-05-03 22:00:03,,local
2022-05-06,1526,3,8,18,24,40,3,11,,,,,93.0,1-4,2022-05-06 22:00:01,,local
2022-05-10,1527,3,25,27,28,29,4,9,,,,,112.0,4-1,2022-05-10 23:00:32,,local
2022-05-13,1528,3,11,17,45,48,4,8,,,,,124.0,4-1,2022-05-13 22:00:05,,local
2022-05-17,1529,5,28,30,48,49,5,11,,,,,160.0,2-3,2022-05-17 22:00:01,,local
2022-05-20,1530,8,22,23,32,50,3,9,,,,,135.0,1-4,2022-05-20 22:00:02,,local
2022-05-24,1531,10,13,27,36,37,2,10,,,,,123.0,3-2,2022-05-24 22:00:31,,local
2022-05-27,1532,15,23,28,34,48,3,5,,,,,148.0,2-3,2022-05-27 22:00:32,,local
2022-05-31,1533,3,10,13,42,49,3,9,,,,,117.0,3-2,2022-05-31 22:00:32,,local
2022-06-03,1534,12,28,29,34,48,9,11,,,,,151.0,1-4,2022-06-03 22:00:33,,local
2022-06-07,1535,6,16,17,25,31,2,6,,,,,95.0,3-2,2022-06-07 22:00:01,,local
2022-06-10,1536,17,26,36,37,40,9,12,,,,,156.0,2-3,2022-06-10 23:00:02,,local
2022-06-14,1537,2,7,27,34,40,3,11,,,,,110.0,2-3,2022-06-14 22:00:04,,local
2022-06-17,1538,19,21,22,31,38,7,11,,,,,131.0,3-2,2022-06-17 22:00:04,,local
2022-06-21,1539,6,23,36,39,47,8,10,,,,,151.0,3-2,2022-06-21 23:00:27,,local
2022-06-24,1540,10,17,28,44,50,8,12,,,,,149.0,1-4,2022-06-24 22:00:02,,local
2022-06-28,1541,10,35,42,47,48,2,11,,,,,182.0,2-3,2022-06-28 22:00:04,,local
2022-07-01,1542,6,18,24,34,46,3,12,,,,,128.0,0-5,2022-07-01 22:00:03,,local
2022-07-05,1543,7,10,25,45,48,3,6,,,,,135.0,3-2,2022-07-05 22:00:45,,local
2022-07-08,1544,28,31,35,43,46,4,7,,,,,183.0,3-2,2022-07-08 23:00:08,,local
2022-07-12,1545,14,18,24,25,50,6,11,,,,,131.0,1-4,2022-07-14 19:46:48,,local
2022-07-15,1546,9,17,29,38,39,7,10,,,,,132.0,4-1,2022-07-15 23:00:33,,local
2022-07-19,1547,6,23,27,40,41,2,12,,,,,137.0,3-2,2022-07-19 23:00:04,,local
2022-07-22,1548,16,18,29,32,50,4,11,,,,,145.0,1-4,2022-07-22 23:00:32,,local
2022-07-26,1549,3,5,17,25,27,1,9,,,,,77.0,5-0,2022-07-26 22:00:02,,local
2022-07-29,1550,3,23,38,43,48,3,8,,,,,155.0,3-2,2022-07-29 22:00:02,,local
2022-08-02,1551,7,18,28,40,48,8,11,,,,,141.0,1-4,2022-08-02 22:00:32,,local
2022-08-05,1552,3,29,33,35,44,8,10,,,,,144.0,4-1,2022-08-05 22:00:31,,local
2022-08-09,1553,18,19,21,27,47,5,11,,,,,132.0,4-1,2022-08-09 22:00:04,,local
2022-08-12,1554,14,17,34,35,42,6,10,,,,,142.0,2-3,2022-08-12 22:00:03,,local
2022-08-16,1555,10,14,25,32,39,7,8,,,,,120.0,2-3,2022-08-16 23:00:27,,local
2022-08-19,1556,2,9,13,19,38,2,6,,,,,81.0,3-2,2022-08-19 22:00:02,,local
2022-08-23,1557,19,26,31,39,48,2,3,,,,,163.0,3-2,2022-08-23 22:00:04,,local
2022-08-26,1558,22,23,25,38,44,11,12,,,,,152.0,2-3,2022-08-26 23:00:33,,local
2022-08-30,1559,4,6,10,15,19,1,4,,,,,54.0,2-3,2022-08-30 22:00:32,,local
2022-09-02,1560,7,12,13,20,45,3,12,,,,,97.0,3-2,2022-09-03 11:02:04,,local
2022-09-06,1561,7,10,22,29,44,4,5,,,,,112.0,2-3,2022-09-06 22:00:03,,local
2022-09-09,1562,17,23,24,26,27,4,9,,,,,117.0,3-2,2022-09-09 23:00:03,,local
2022-09-13,1563,9,12,15,40,47,1,11,,,,,123.0,3-2,2022-09-13 22:00:02,,local
2022-09-16,1564,10,27,36,45,49,3,4,,,,,167.0,3-2,2022-09-16 22:00:02,,local
2022-09-20,1565,11,21,23,32,48,3,12,,,,,135.0,3-2,2022-09-20 22:00:02,,local
2022-09-23,1566,14,15,22,35,48,3,8,,,,,134.0,2-3,2022-09-23 23:00:03,,local
2022-09-27,1567,4,20,21,34,44,1,3,,,,,123.0,1-4,2022-09-27 23:00:02,,local
2022-09-30,1568,1,2,11,16,26,3,12,,,,,56.0,2-3,2022-09-30 22:00:04,,local
2022-10-04,1569,3,18,28,42,43,3,12,,,,,134.0,2-3,2022-10-04 22:00:04,,local
2022-10-07,1570,26,27,42,45,50,1,12,,,,,190.0,2-3,2022-10-07 22:00:02,,local
2022-10-11,1571,8,23,32,35,40,1,8,,,,,138.0,2-3,2022-10-11 22:00:01,,local
2022-10-14,1572,24,28,29,34,48,3,7,,,,,163.0,1-4,2022-10-14 22:00:03,,local
2022-10-18,1573,3,5,13,42,48,1,6,,,,,111.0,3-2,2022-10-18 22:00:02,,local
2022-10-21,1574,25,26,28,38,40,1,6,,,,,157.0,1-4,2022-10-21 22:00:02,,local
2022-10-25,1575,7,24,34,39,46,1,6,,,,,150.0,2-3,2022-10-25 22:00:02,,local
2022-10-28,1576,14,16,21,28,35,1,11,,,,,114.0,2-3,2022-10-28 22:00:31,,local
2022-11-01,1577,19,37,42,47,48,1,6,,,,,193.0,3-2,2022-11-01 22:00:03,,local
2022-11-04,1578,2,11,37,45,47,2,3,,,,,142.0,4-1,2022-11-04 23:00:02,,local
2022-11-08,1579,3,5,32,33,50,1,8,,,,,123.0,3-2,2022-11-08 22:00:03,,local
2022-11-11,1580,2,19,24,25,44,2,10,,,,,114.0,2-3,2022-11-11 22:00:02,,local
2022-11-15,1581,13,21,24,31,33,1,12,,,,,122.0,4-1,2022-11-15 22:00:02,,local
2022-11-18,1582,13,16,19,35,41,1,11,,,,,124.0,4-1,2022-11-18 22:00:32,,local
2022-11-22,1583,21,22,24,29,42,3,11,,,,,138.0,2-3,2022-11-22 22:00:31,,local
2022-11-25,1584,19,21,35,37,39,2,6,,,,,151.0,5-0,2022-11-25 22:00:32,,local
2022-11-29,1585,15,20,24,35,38,8,12,,,,,132.0,2-3,2022-11-29 22:00:32,,local
2022-12-02,1586,12,21,35,39,45,6,11,,,,,152.0,4-1,2022-12-02 22:00:33,,local
2022-12-06,1587,12,20,25,26,27,8,12,,,,,110.0,2-3,2022-12-06 22:00:02,,local
2022-12-09,1588,8,27,31,46,50,1,3,,,,,162.0,2-3,2022-12-09 22:00:02,,local
2022-12-13,1589,3,9,12,26,30,10,11,,,,,80.0,2-3,2022-12-13 22:00:02,,local
2022-12-16,1590,2,15,19,35,44,2,7,,,,,115.0,3-2,2022-12-16 22:00:02,,local
2022-12-20,1591,1,11,17,20,27,4,5,,,,,76.0,4-1,2022-12-20 23:00:03,,local
2022-12-23,1592,16,17,23,26,35,5,11,,,,,117.0,3-2,2022-12-23 22:00:02,,local
2022-12-27,1593,19,31,33,34,43,3,5,,,,,160.0,4-1,2022-12-27 22:00:02,,local
2022-12-30,1594,17,34,42,47,48,1,9,,,,,188.0,2-3,2022-12-30 22:00:02,,local
2023-01-03,1595,20,21,29,45,46,3,10,,,,,161.0,3-2,2023-01-03 22:00:32,,local
2023-01-06,1596,16,31,35,44,45,4,12,,,,,171.0,3-2,2023-01-06 22:00:02,,local
2023-01-10,1597,11,13,34,40,42,3,10,,,,,140.0,2-3,2023-01-10 22:00:02,,local
2023-01-13,1598,4,13,25,33,37,5,10,,,,,112.0,4-1,2023-01-13 22:00:04,,local
2023-01-17,1599,18,21,30,46,50,2,6,,,,,165.0,1-4,2023-01-17 22:00:03,,local
2023-01-20,1600,3,6,13,40,42,7,11,,,,,104.0,2-3,2023-01-20 23:00:01,,local
2023-01-24,1601,11,27,41,43,47,7,11,,,,,169.0,5-0,2023-01-24 22:00:03,,local
2023-01-27,1602,8,9,15,19,31,10,12,,,,,82.0,4-1,2023-01-27 22:00:03,,local
2023-01-31,1603,7,12,19,33,43,3,7,,,,,114.0,4-1,2023-01-31 22:00:33,,local
2023-02-03,1604,2,14,17,32,45,3,10,,,,,110.0,2-3,2023-02-05 16:51:29,,local
2023-02-07,1605,2,8,34,44,47,3,9,,,,,135.0,1-4,2023-02-07 23:00:03,,local
2023-02-10,1606,3,13,25,36,47,3,8,,,,,124.0,4-1,2023-02-10 22:00:33,,local
2023-02-14,1607,24,26,38,43,46,2,3,,,,,177.0,1-4,2023-02-14 23:00:03,,local
2023-02-17,1608,8,23,27,42,45,1,9,,,,,145.0,3-2,2023-02-17 23:00:04,,local
2023-02-21,1609,21,22,34,41,49,2,7,,,,,167.0,3-2,2023-02-21 22:00:06,,local
2023-02-24,1610,7,23,34,42,48,1,3,,,,,154.0,2-3,2023-02-24 22:00:01,,local
2023-02-28,1611,12,29,33,37,47,5,10,,,,,158.0,4-1,2023-02-28 23:00:32,,local
2023-03-03,1612,3,6,8,24,50,10,11,,,,,91.0,1-4,2023-03-03 23:00:03,,local
2023-03-07,1613,11,13,24,35,50,6,11,,,,,133.0,3-2,2023-03-07 22:00:04,,local
2023-03-10,1614,9,16,37,38,48,2,7,,,,,148.0,2-3,2023-03-10 22:00:04,,local
2023-03-14,1615,16,26,28,31,46,11,12,,,,,147.0,1-4,2023-03-14 22:00:02,,local
2023-03-17,1616,5,15,26,37,49,8,11,,,,,132.0,4-1,2023-03-17 22:00:31,,local
2023-03-21,1617,1,9,20,29,32,2,3,,,,,91.0,3-2,2023-03-21 22:00:06,,local
2023-03-24,1618,5,12,25,36,46,6,10,,,,,124.0,2-3,2023-03-24 23:00:31,,local
2023-03-28,1619,16,21,34,36,44,9,10,,,,,151.0,1-4,2023-03-28 22:00:05,,local
2023-03-31,1620,16,18,28,34,47,5,10,,,,,143.0,1-4,2023-03-31 23:00:06,,local
2023-04-04,1621,10,16,31,33,50,3,8,,,,,140.0,2-3,2023-04-04 22:00:06,,local
2023-04-07,1622,5,26,28,36,46,6,12,,,,,141.0,1-4,2023-04-07 22:00:02,,local
2023-04-11,1623,10,14,16,19,29,2,10,,,,,88.0,2-3,2023-04-11 22:00:04,,local
2023-04-14,1624,4,11,37,44,49,6,7,,,,,145.0,3-2,2023-04-14 22:00:05,,local
2023-04-18,1625,17,21,23,35,37,10,11,,,,,133.0,5-0,2023-04-18 22:00:04,,local
2023-04-21,1626,7,8,18,33,42,2,8,,,,,108.0,2-3,2023-04-21 22:00:31,,local
2023-04-25,1627,10,29,30,40,45,1,12,,,,,154.0,2-3,2023-04-25 23:00:01,,local
2023-04-28,1628,11,13,16,23,34,1,10,,,,,97.0,3-2,2023-04-28 22:00:02,,local
2023-05-02,1629,7,32,44,47,48,7,8,,,,,178.0,2-3,2023-05-02 22:00:32,,local
2023-05-05,1630,3,8,18,34,49,3,7,,,,,112.0,2-3,2023-05-05 22:00:02,,local
2023-05-09,1631,13,17,21,28,46,7,9,,,,,125.0,3-2,2023-05-09 23:00:37,,local
2023-05-12,1632,9,10,13,39,44,4,6,,,,,115.0,3-2,2023-05-12 23:00:02,,local
2023-05-16,1633,4,6,9,14,37,4,11,,,,,70.0,2-3,2023-05-16 22:00:10,,local
2023-05-19,1634,18,27,34,41,49,3,9,,,,,169.0,3-2,2023-05-19 22:00:31,,local
2023-05-23,1635,5,6,14,23,34,2,11,,,,,82.0,2-3,2023-05-23 22:00:05,,local
2023-05-26,1636,15,25,37,38,41,1,7,,,,,156.0,4-1,2023-05-26 22:00:11,,local
2023-05-30,1637,27,29,32,33,47,2,8,,,,,168.0,4-1,2023-05-30 22:00:03,,local
2023-06-02,1638,3,12,15,25,43,10,11,,,,,98.0,4-1,2023-06-02 22:00:03,,local
2023-06-06,1639,13,21,32,39,50,2,10,,,,,155.0,3-2,2023-06-06 22:00:06,,local
2023-06-09,1640,18,26,36,41,50,11,12,,,,,171.0,1-4,2023-06-09 22:00:02,,local
2023-06-13,1641,15,16,21,41,50,5,6,,,,,143.0,3-2,2023-06-13 22:00:17,,local
2023-06-16,1642,7,26,34,41,44,9,11,,,,,152.0,2-3,2023-06-16 23:00:32,,local
2023-06-20,1643,11,17,28,32,35,5,6,,,,,123.0,3-2,2023-06-20 22:00:32,,local
2023-06-23,1644,1,3,11,33,46,10,11,,,,,94.0,4-1,2023-06-23 22:00:38,,local
2023-06-27,1645,17,22,23,27,44,1,7,,,,,133.0,3-2,2023-06-27 22:00:02,,local
2023-06-30,1646,1,6,25,29,36,7,10,,,,,97.0,3-2,2023-06-30 22:00:01,,local
2023-07-04,1647,14,17,23,36,44,2,8,,,,,134.0,2-3,2023-07-04 22:00:31,,local
2023-07-07,1648,2,11,12,19,38,4,8,,,,,82.0,2-3,2023-07-07 22:00:07,,local
2023-07-11,1649,2,11,28,42,48,4,9,,,,,131.0,1-4,2023-07-11 23:00:34,,local
2023-07-14,1650,5,8,29,35,48,5,6,,,,,125.0,3-2,2023-07-14 22:00:03,,local
2023-07-18,1651,4,12,34,35,45,1,9,,,,,130.0,2-3,2023-07-18 22:00:05,,local
2023-07-21,1652,7,31,33,35,36,7,10,,,,,142.0,4-1,2023-07-21 22:00:04,,local
2023-07-25,1653,5,7,11,27,37,6,12,,,,,87.0,5-0,2023-07-25 22:00:05,,local
2023-07-28,1654,7,32,33,34,38,6,9,,,,,144.0,2-3,2023-07-28 22:00:32,,local
2023-08-01,1655,25,27,35,40,45,7,11,,,,,172.0,4-1,2023-08-01 22:00:32,,local
2023-08-04,1656,15,20,31,44,48,1,3,,,,,158.0,2-3,2023-08-04 22:00:09,,local
2023-08-08,1657,8,9,33,35,40,3,6,,,,,125.0,3-2,2023-08-08 22:00:03,,local
2023-08-11,1658,4,6,10,13,34,3,5,,,,,67.0,1-4,2023-08-11 22:00:04,,local
2023-08-15,1659,3,5,9,32,43,6,10,,,,,92.0,4-1,2023-08-15 23:00:03,,local
2023-08-18,1660,23,25,30,44,47,9,12,,,,,169.0,3-2,2023-08-18 23:00:02,,local
2023-08-22,1661,2,9,23,32,40,6,7,,,,,106.0,2-3,2023-08-22 23:00:04,,local
2023-08-25,1662,16,17,34,35,44,5,10,,,,,146.0,2-3,2023-08-25 22:00:32,,local
2023-08-29,1663,21,23,32,40,49,8,11,,,,,165.0,3-2,2023-08-29 22:00:32,,local
2023-09-01,1664,4,5,35,37,43,5,6,,,,,124.0,4-1,2023-09-01 23:00:32,,local
2023-09-05,1665,1,7,24,41,48,10,12,,,,,121.0,3-2,2023-09-05 23:00:39,,local
2023-09-08,1666,10,20,21,26,33,3,4,,,,,110.0,2-3,2023-09-08 22:00:03,,local
2023-09-12,1667,5,14,36,40,42,2,11,,,,,137.0,1-4,2023-09-12 22:00:04,,local
2023-09-15,1668,12,14,21,45,48,8,11,,,,,140.0,2-3,2023-09-15 23:00:32,,local
2023-09-19,1669,10,15,31,41,42,2,5,,,,,139.0,3-2,2023-09-19 22:00:31,,local
2023-09-22,1670,3,23,24,34,35,5,8,,,,,119.0,3-2,2023-09-22 22:00:32,,local
2023-09-26,1671,2,6,14,19,23,5,7,,,,,64.0,2-3,2023-09-26 22:00:32,,local
2023-09-29,1672,9,11,13,21,32,2,7,,,,,86.0,4-1,2023-09-29 22:00:04,,local
2023-10-03,1673,6,20,22,24,45,4,5,,,,,117.0,1-4,2023-10-03 22:00:04,,local
2023-10-06,1674,21,29,31,34,43,2,9,,,,,158.0,4-1,2023-10-06 22:00:32,,local
2023-10-10,1675,18,20,22,33,43,3,9,,,,,136.0,2-3,2023-10-10 22:00:32,,local
2023-10-13,1676,21,26,28,40,41,2,4,,,,,156.0,2-3,2023-10-13 22:00:34,,local
2023-10-17,1677,10,17,20,35,40,3,4,,,,,122.0,2-3,2023-10-17 22:00:05,,local
2023-10-20,1678,2,20,28,40,45,1,5,,,,,135.0,1-4,2023-10-20 22:00:32,,local
2023-10-24,1679,8,16,18,31,34,6,9,,,,,107.0,1-4,2023-10-24 22:00:32,,local
2023-10-27,1680,29,33,35,48,49,3,8,,,,,194.0,4-1,2023-10-27 22:00:32,,local
2023-10-31,1681,5,7,20,40,50,2,10,,,,,122.0,2-3,2023-10-31 22:00:31,,local
2023-11-03,1682,8,21,31,39,47,5,9,,,,,146.0,4-1,2023-11-03 22:00:03,,local
2023-11-07,1683,8,10,11,30,39,4,10,,,,,98.0,2-3,2023-11-07 22:00:32,,local
2023-11-10,1684,10,21,30,38,42,2,12,,,,,141.0,1-4,2023-11-10 23:00:32,,local
2023-11-14,1685,13,16,36,44,50,3,5,,,,,159.0,1-4,2023-11-14 23:00:32,,local
2023-11-17,1686,2,24,26,46,50,2,7,,,,,148.0,0-5,2023-11-17 22:00:04,,local
2023-11-21,1687,19,29,34,46,47,2,3,,,,,175.0,3-2,2023-11-21 23:00:03,,local
2023-11-24,1688,15,20,29,39,48,1,7,,,,,151.0,3-2,2023-11-24 22:00:32,,local
2023-11-28,1689,12,16,27,33,44,7,8,,,,,132.0,2-3,2023-11-28 22:00:31,,local
2023-12-01,1690,4,10,14,38,50,9,12,,,,,116.0,0-5,2023-12-01 23:00:32,,local
2023-12-05,1691,4,6,20,24,25,5,9,,,,,79.0,1-4,2023-12-05 22:00:04,,local
2023-12-08,1692,17,30,42,48,50,4,8,,,,,187.0,1-4,2023-12-08 22:00:31,,local
2023-12-12,1693,6,28,37,39,43,9,12,,,,,153.0,3-2,2023-12-12 22:00:31,,local
2023-12-15,1694,2,13,37,38,48,5,9,,,,,138.0,2-3,2023-12-15 22:00:31,,local
2023-12-19,1695,10,20,41,43,45,2,12,,,,,159.0,3-2,2023-12-19 22:00:31,,local
2023-12-22,1696,6,14,34,44,49,4,12,,,,,147.0,1-4,2023-12-22 22:00:32,,local
2023-12-26,1697,8,27,30,35,47,9,10,,,,,147.0,3-2,2023-12-26 22:00:32,,local
2023-12-29,1698,2,3,19,36,37,6,9,,,,,97.0,3-2,2023-12-29 22:00:31,,local
2024-01-02,1699,7,15,18,46,49,10,12,,,,,135.0,3-2,2024-01-02 22:00:32,,local
2024-01-05,1700,4,7,18,39,50,3,8,,,,,118.0,2-3,2024-01-05 22:00:31,,local
2024-01-09,1701,2,9,12,39,40,1,3,,,,,102.0,2-3,2024-01-09 22:00:32,,local
2024-01-12,1702,16,17,18,45,49,9,12,,,,,145.0,3-2,2024-01-12 22:00:11,,local
2024-01-16,1703,10,18,21,33,45,8,12,,,,,127.0,3-2,2024-01-16 22:00:40,,local
2024-01-19,1704,27,28,44,48,50,7,12,,,,,197.0,1-4,2024-01-19 22:00:33,,local
2024-01-23,1705,14,23,39,48,50,3,12,,,,,174.0,2-3,2024-01-23 22:00:32,,local
2024-01-26,1706,8,19,32,41,42,9,12,,,,,142.0,2-3,2024-01-26 22:00:08,,local
2024-01-30,1707,5,10,19,27,30,5,6,,,,,91.0,3-2,2024-01-30 22:00:32,,local
2024-02-02,1708,13,20,23,27,42,5,9,,,,,125.0,3-2,2024-02-02 23:00:33,,local
2024-02-06,1709,2,7,21,28,45,5,11,,,,,103.0,3-2,2024-02-06 22:00:04,,local
2024-02-09,1710,23,24,35,37,45,9,12,,,,,164.0,4-1,2024-02-09 22:00:32,,local
2024-02-13,1711,13,17,18,20,46,4,9,,,,,114.0,2-3,2024-02-13 23:00:32,,local
2024-02-16,1712,8,13,14,24,26,1,2,,,,,85.0,1-4,2024-02-16 22:00:31,,local
2024-02-20,1713,23,31,37,42,48,3,7,,,,,181.0,3-2,2024-02-20 22:00:32,,local
2024-02-23,1714,24,27,28,30,49,1,12,,,,,158.0,2-3,2024-02-23 22:00:05,,local
2024-02-27,1715,3,4,9,12,20,5,6,,,,,48.0,2-3,2024-02-27 22:00:04,,local
2024-03-01,1716,4,7,19,20,34,2,4,,,,,84.0,2-3,2024-03-01 23:00:32,,local
2024-03-05,1717,2,15,17,23,36,3,8,,,,,93.0,3-2,2024-03-05 22:00:31,,local
2024-03-08,1718,8,11,12,16,44,4,7,,,,,91.0,1-4,2024-03-08 22:00:32,,local
2024-03-12,1719,13,19,30,38,46,4,12,,,,,146.0,2-3,2024-03-12 22:00:04,,local
2024-03-15,1720,1,4,31,34,40,4,5,,,,,110.0,2-3,2024-03-15 23:00:32,,local
2024-03-19,1721,7,16,18,20,32,1,3,,,,,93.0,1-4,2024-03-19 22:00:32,,local
2024-03-22,1722,8,11,23,32,44,9,10,,,,,118.0,2-3,2024-03-22 22:00:06,,local
2024-03-26,1723,2,13,14,26,29,5,6,,,,,84.0,2-3,2024-03-26 22:00:32,,local
2024-03-29,1724,16,17,35,36,49,1,10,,,,,153.0,3-2,2024-03-29 22:00:31,,local
2024-04-02,1725,1,23,31,36,48,5,8,,,,,139.0,3-2,2024-04-02 23:00:32,,local
2024-04-05,1726,13,18,26,35,37,8,11,,,,,129.0,3-2,2024-04-05 22:00:04,,local
2024-04-09,1727,19,23,26,27,46,2,10,,,,,141.0,3-2,2024-04-09 22:00:31,,local
2024-04-12,1728,2,3,12,16,45,2,11,,,,,78.0,2-3,2024-04-12 22:00:31,,local
2024-04-16,1729,22,29,31,39,46,3,7,,,,,167.0,3-2,2024-04-16 22:00:32,,local
2024-04-19,1730,10,20,40,44,46,1,3,,,,,160.0,0-5,2024-04-19 22:00:32,,local
2024-04-23,1731,6,9,11,32,49,2,10,,,,,107.0,3-2,2024-04-23 23:00:32,,local
2024-04-26,1732,2,20,39,40,47,4,8,,,,,148.0,2-3,2024-04-26 22:00:32,,local
2024-04-30,1733,13,22,24,33,47,1,5,,,,,139.0,3-2,2024-04-30 23:00:27,,local
2024-05-03,1734,6,9,10,30,49,3,4,,,,,104.0,2-3,2024-05-03 22:00:04,,local
2024-05-07,1735,35,36,41,42,45,6,11,,,,,199.0,3-2,2024-05-07 22:00:31,,local
2024-05-10,1736,13,28,29,44,48,4,12,,,,,162.0,2-3,2024-05-10 22:00:31,,local
2024-05-14,1737,2,8,17,28,35,7,9,,,,,90.0,2-3,2024-05-14 22:00:31,,local
2024-05-17,1738,18,31,32,41,46,1,10,,,,,168.0,2-3,2024-05-17 22:00:41,,local
2024-05-21,1739,11,13,14,34,48,7,9,,,,,120.0,2-3,2024-05-21 22:00:31,,local
2024-05-24,1740,9,12,18,22,50,1,3,,,,,111.0,1-4,2024-05-24 22:00:31,,local
2024-05-28,1741,16,18,35,36,41,6,7,,,,,146.0,2-3,2024-05-28 22:00:32,,local
2024-05-31,1742,4,7,16,33,34,7,8,,,,,94.0,2-3,2024-05-31 22:00:32,,local
2024-06-04,1743,6,7,9,14,43,3,4,,,,,79.0,3-2,2024-06-04 22:00:31,,local
2024-06-07,1744,15,16,26,30,37,5,8,,,,,124.0,2-3,2024-06-07 22:00:04,,local
2024-06-11,1745,7,15,34,45,48,7,9,,,,,149.0,3-2,2024-06-11 23:00:27,,local
2024-06-14,1746,2,13,16,24,32,1,7,,,,,87.0,1-4,2024-06-14 22:00:03,,local
2024-06-18,1747,3,11,33,34,36,1,12,,,,,117.0,3-2,2024-06-18 22:00:31,,local
2024-06-21,1748,3,4,7,11,17,3,12,,,,,42.0,4-1,2024-06-21 22:00:02,,local
2024-06-25,1749,14,16,37,45,49,5,7,,,,,161.0,3-2,2024-06-25 23:00:32,,local
2024-06-28,1750,10,16,18,22,35,1,10,,,,,101.0,1-4,2024-06-28 22:00:31,,local
2024-07-02,1751,2,7,34,35,46,6,8,,,,,124.0,2-3,2024-07-02 23:00:32,,local
2024-07-05,1752,11,13,29,31,47,1,11,,,,,131.0,5-0,2024-07-05 22:00:31,,local
2024-07-09,1753,6,15,19,28,39,7,11,,,,,107.0,3-2,2024-07-09 22:00:03,,local
2024-07-12,1754,12,18,24,25,39,8,10,,,,,118.0,2-3,2024-07-12 22:00:31,,local
2024-07-16,1755,2,32,35,36,39,7,8,,,,,144.0,2-3,2024-07-16 22:00:03,,local
2024-07-19,1756,15,22,35,44,48,6,7,,,,,164.0,2-3,2024-07-19 23:00:35,,local
2024-07-23,1757,4,8,10,16,34,4,8,,,,,72.0,0-5,2024-07-23 22:00:31,,local
2024-07-26,1758,4,19,23,35,37,4,8,,,,,118.0,4-1,2024-07-26 22:00:06,,local
2024-07-30,1759,9,25,28,37,38,2,8,,,,,137.0,3-2,2024-07-30 22:00:03,,local
2024-08-02,1760,5,7,12,33,46,3,12,,,,,103.0,3-2,2024-08-02 22:00:04,,local
2024-08-06,1761,1,18,27,41,50,2,12,,,,,137.0,3-2,2024-08-06 23:00:32,,local
2024-08-09,1762,21,23,25,33,44,4,10,,,,,146.0,4-1,2024-08-09 22:00:04,,local
2024-08-13,1763,15,16,39,40,47,1,6,,,,,157.0,3-2,2024-08-13 23:00:31,,local
2024-08-16,1764,15,17,29,45,49,1,10,,,,,155.0,5-0,2024-08-16 23:00:31,,local
2024-08-20,1765,7,10,13,18,26,3,12,,,,,74.0,2-3,2024-08-20 22:00:04,,local
2024-08-23,1766,9,15,24,47,50,8,9,,,,,145.0,3-2,2024-08-23 22:00:32,,local
2024-08-27,1767,1,8,11,42,47,4,11,,,,,109.0,3-2,2024-08-27 22:00:04,,local
2024-08-30,1768,3,24,27,33,42,4,6,,,,,129.0,3-2,2024-08-30 22:00:03,,local
2024-09-03,1769,7,9,11,16,45,2,5,,,,,88.0,4-1,2024-09-03 22:00:03,,local
2024-09-06,1770,12,14,34,41,47,3,4,,,,,148.0,2-3,2024-09-06 22:00:03,,local
2024-09-10,1771,6,29,46,47,48,2,9,,,,,176.0,2-3,2024-09-10 22:00:32,,local
2024-09-13,1772,10,15,17,31,42,4,12,,,,,115.0,3-2,2024-09-13 22:00:04,,local
2024-09-17,1773,20,30,32,41,44,1,10,,,,,167.0,1-4,2024-09-17 22:00:04,,local
2024-09-20,1774,16,25,29,34,37,3,7,,,,,141.0,3-2,2024-09-20 22:00:04,,local
2024-09-24,1775,18,20,21,36,49,3,5,,,,,144.0,2-3,2024-09-24 22:00:05,,local
2024-09-27,1776,7,20,21,27,38,5,12,,,,,113.0,3-2,2024-09-27 23:00:32,,local
2024-10-01,1777,8,22,29,41,42,9,11,,,,,142.0,2-3,2024-10-01 22:00:04,,local
2024-10-04,1778,4,8,16,17,20,1,6,,,,,65.0,1-4,2024-10-04 22:00:04,,local
2024-10-08,1779,7,14,19,34,40,6,8,,,,,114.0,2-3,2024-10-08 22:00:14,,local
2024-10-11,1780,16,23,32,46,49,4,5,,,,,166.0,2-3,2024-10-11 22:00:14,,local
2024-10-15,1781,2,15,32,36,48,3,9,,,,,133.0,1-4,2024-10-15 22:00:06,,local
2024-10-18,1782,4,15,23,30,39,1,12,,,,,111.0,3-2,2024-10-18 22:00:07,,local
2024-10-22,1783,3,13,27,30,46,1,2,,,,,119.0,3-2,2024-10-22 23:00:05,,local
2024-10-25,1784,4,17,20,25,45,8,9,,,,,111.0,3-2,2024-10-25 23:00:31,,local
2024-10-29,1785,1,2,19,30,45,10,12,,,,,97.0,3-2,2024-10-29 22:00:08,,local
2024-11-01,1786,7,33,38,44,50,2,7,,,,,172.0,2-3,2024-11-01 22:00:04,,local
2024-11-05,1787,1,8,19,37,50,6,9,,,,,115.0,3-2,2024-11-05 22:00:04,,local
2024-11-08,1788,2,33,35,42,48,1,3,,,,,160.0,2-3,2024-11-08 23:00:33,,local
2024-11-12,1789,10,11,12,22,50,1,10,,,,,105.0,1-4,2024-11-12 22:00:04,,local
2024-11-15,1790,7,8,34,39,44,2,6,,,,,132.0,2-3,2024-11-15 23:00:32,,local
2024-11-19,1791,4,13,20,28,49,7,12,,,,,114.0,2-3,2024-11-19 22:00:04,,local
2024-11-22,1792,10,11,12,29,31,8,11,,,,,93.0,3-2,2024-11-22 23:00:33,,local
2024-11-26,1793,7,11,25,31,40,9,12,,,,,114.0,4-1,2024-11-26 23:00:32,,local
2024-11-29,1794,8,17,18,29,43,5,9,,,,,115.0,3-2,2024-11-29 22:00:04,,local
2024-12-03,1795,23,25,34,46,47,6,8,,,,,175.0,3-2,2024-12-03 22:00:15,,local
2024-12-06,1796,14,25,39,44,47,6,10,,,,,169.0,3-2,2024-12-06 22:00:05,,local
2024-12-10,1797,5,24,25,29,47,5,9,,,,,130.0,4-1,2024-12-10 22:00:18,,local
2024-12-13,1798,1,15,25,42,50,4,10,,,,,133.0,3-2,2024-12-13 22:00:05,,local
2024-12-17,1799,1,3,4,21,29,2,7,,,,,58.0,4-1,2024-12-17 23:00:32,,local
2024-12-20,1800,10,14,21,33,50,6,9,,,,,128.0,2-3,2024-12-20 22:00:04,,local
2024-12-24,1801,6,10,16,23,24,11,12,,,,,79.0,1-4,2024-12-24 22:00:05,,local
2024-12-27,1802,12,22,27,33,45,4,8,,,,,139.0,3-2,2024-12-27 22:00:04,,local
2024-12-31,1803,19,24,26,28,33,8,12,,,,,130.0,2-3,2024-12-31 22:00:04,,local
2025-01-03,1804,3,19,29,35,37,1,9,,,,,123.0,5-0,2025-01-03 22:00:04,,local
2025-01-07,1805,20,33,35,41,47,4,12,,,,,176.0,4-1,2025-01-07 22:00:03,,local
2025-01-10,1806,12,27,36,37,42,6,7,,,,,154.0,2-3,2025-01-10 22:00:05,,local
2025-01-14,1807,18,20,29,41,48,5,9,,,,,156.0,2-3,2025-01-14 22:00:07,,local
2025-01-17,1808,8,15,24,35,42,6,8,,,,,124.0,2-3,2025-01-17 22:00:04,,local
2025-01-21,1809,6,8,14,27,41,4,5,,,,,96.0,2-3,2025-01-21 22:00:05,,local
2025-01-24,1810,2,11,19,30,49,3,8,,,,,111.0,3-2,2025-01-24 22:00:20,,local
2025-01-28,1811,9,37,41,42,49,1,9,,,,,178.0,4-1,2025-01-28 22:00:04,,local
2025-01-31,1812,22,30,41,44,49,2,7,,,,,186.0,2-3,2025-01-31 22:00:16,,local
2025-02-04,1813,3,4,29,39,43,5,10,,,,,118.0,4-1,2025-02-04 22:00:03,,local
2025-02-07,1814,10,23,24,29,45,8,10,,,,,131.0,3-2,2025-02-07 22:00:04,,local
2025-02-11,1815,3,21,36,41,46,1,6,,,,,147.0,3-2,2025-02-11 22:00:04,,local
2025-02-14,1816,4,14,31,36,38,3,10,,,,,123.0,1-4,2025-02-14 23:00:49,,local
2025-02-18,1817,5,14,25,26,40,5,7,,,,,110.0,2-3,2025-02-18 22:00:04,,local
2025-02-21,1818,1,3,11,20,43,2,11,,,,,78.0,4-1,2025-02-21 22:00:15,,local
2025-02-25,1819,17,22,23,24,44,6,11,,,,,130.0,2-3,2025-02-25 22:00:23,,local
2025-02-28,1820,7,16,31,43,46,5,9,,,,,143.0,3-2,2025-02-28 22:00:04,,local
2025-03-04,1821,15,20,29,35,42,2,9,,,,,141.0,3-2,2025-03-04 22:00:41,,local
2025-03-07,1822,6,10,27,32,48,3,8,,,,,123.0,1-4,2025-03-07 22:00:04,,local
2025-03-11,1823,13,36,37,42,47,7,11,,,,,175.0,3-2,2025-03-11 22:00:04,,local
2025-03-14,1824,8,10,33,35,49,2,9,,,,,135.0,3-2,2025-03-14 22:00:04,,local
2025-03-18,1825,4,9,35,46,50,8,11,,,,,144.0,2-3,2025-03-18 23:00:44,,local
2025-03-21,1826,9,17,18,21,50,5,12,,,,,115.0,3-2,2025-03-21 22:00:04,,local
2025-03-25,1827,1,3,18,33,36,2,6,,,,,91.0,3-2,2025-03-25 22:00:04,,local
2025-03-28,1828,10,21,30,42,45,1,9,,,,,148.0,2-3,2025-03-29 11:07:08,,local
2025-04-01,1829,9,24,30,46,49,4,12,,,,,158.0,2-3,2025-04-01 22:00:04,,local
2025-04-04,1830,27,39,41,45,50,5,7,,,,,202.0,4-1,2025-04-04 22:00:24,,local
2025-04-08,1831,3,14,15,48,49,1,7,,,,,129.0,3-2,2025-04-08 22:00:25,,local
2025-04-11,1832,14,28,34,46,49,3,8,,,,,171.0,1-4,2025-04-11 22:00:21,,local
2025-04-15,1833,3,31,33,38,44,6,12,,,,,149.0,3-2,2025-04-15 22:00:04,,local
2025-04-18,1834,20,27,35,39,48,3,8,,,,,169.0,3-2,2025-04-18 22:00:21,,local
2025-04-22,1835,7,28,33,37,47,9,12,,,,,152.0,4-1,2025-04-22 22:00:04,,local
2025-04-25,1836,13,22,32,39,41,1,12,,,,,147.0,3-2,2025-04-25 22:00:04,,local
2025-04-29,1837,2,9,24,30,41,1,11,,,,,106.0,2-3,2025-04-29 22:00:28,,local
2025-05-02,1838,3,5,19,21,49,1,10,,,,,97.0,5-0,2025-05-02 22:00:04,,local
2025-05-06,1839,8,23,24,47,48,4,9,,,,,150.0,2-3,2025-05-06 22:00:29,,local
2025-05-09,1840,15,18,25,29,47,5,9,,,,,134.0,4-1,2025-05-12 10:09:00,,local
2025-05-13,1841,9,19,44,47,50,2,9,,,,,169.0,3-2,2025-05-13 22:00:25,,local
2025-05-16,1842,6,9,25,37,46,6,12,,,,,123.0,3-2,2025-05-16 22:00:24,,local
2025-05-20,1843,1,8,13,29,47,5,6,,,,,98.0,4-1,2025-05-20 22:00:04,,local
2025-05-23,1844,10,29,43,46,49,7,12,,,,,177.0,3-2,2025-05-23 22:00:04,,local
2025-05-27,1845,12,30,38,40,41,4,12,,,,,161.0,1-4,2025-05-27 22:00:05,,local
2025-05-30,1846,4,7,14,33,36,1,5,,,,,94.0,2-3,2025-05-30 22:00:17,,local
2025-06-03,1847,12,15,38,47,48,5,7,,,,,160.0,2-3,2025-06-03 22:00:05,,local
2025-06-06,1848,20,21,29,30,35,2,12,,,,,135.0,3-2,2025-06-06 22:00:17,,local
2025-06-10,1849,19,36,39,40,45,5,6,,,,,179.0,3-2,2025-06-10 22:00:05,,local
2025-06-13,1850,2,28,40,43,45,3,7,,,,,158.0,2-3,2025-06-13 22:00:22,,local
2025-06-17,1851,13,22,23,44,49,3,5,,,,,151.0,3-2,2025-06-17 22:00:16,,local
2025-06-20,1852,5,8,24,37,47,3,9,,,,,121.0,3-2,2025-06-20 23:00:44,,local
2025-06-24,1853,7,16,21,23,39,7,11,,,,,106.0,4-1,2025-06-24 22:00:04,,local
2025-06-27,1854,19,27,36,45,49,7,10,,,,,176.0,4-1,2025-06-27 22:00:27,,local
2025-07-01,1855,1,17,28,32,34,7,8,,,,,112.0,2-3,2025-07-02 09:31:38,,local
2025-07-04,1856,19,29,42,45,48,5,7,,,,,183.0,3-2,2025-07-04 22:00:28,,local
2025-07-08,1857,1,8,9,18,50,1,5,,,,,86.0,2-3,2025-07-08 23:00:57,,local
2025-07-11,1858,8,23,24,45,49,2,10,,,,,149.0,3-2,2025-07-11 22:00:08,,local
2025-07-15,1859,24,38,41,45,49,1,6,,,,,197.0,3-2,2025-07-15 22:00:32,,local
2025-07-18,1860,13,19,25,42,45,2,9,,,,,144.0,4-1,2025-07-18 23:00:56,,local
2025-07-22,1861,8,15,26,33,41,9,10,,,,,123.0,3-2,2025-07-22 22:00:16,,local
2025-07-25,1862,6,7,23,32,36,11,12,,,,,104.0,2-3,2025-07-25 22:00:11,,local
2025-07-29,1863,5,6,42,44,46,4,8,,,,,143.0,1-4,2025-07-29 22:00:18,,local
2025-08-01,1864,4,16,25,29,30,2,10,TGLL13138,,21.0,13.0,104.0,2-3,2026-01-27 17:02:41,,local
2025-08-05,1865,1,3,5,42,47,5,10,XHMB84675,,21.0,13.0,98.0,4-1,2026-01-27 17:02:41,,local
2025-08-08,1866,2,12,19,34,44,6,10,ZJMQ51115,,21.0,13.0,111.0,1-4,2026-01-27 17:02:41,,local
2025-08-12,1867,18,28,42,46,48,3,9,VKNH93941,,21.0,13.0,182.0,0-5,2026-01-27 17:02:41,,local
2025-08-15,1868,13,30,35,36,40,2,6,VLPL28287,,21.0,13.0,154.0,2-3,2026-01-27 17:02:41,,local
2025-08-19,1869,24,31,34,41,43,6,8,XMPX55830,,21.0,13.0,173.0,3-2,2026-01-27 17:02:41,,local
2025-08-22,1870,6,9,12,30,39,4,10,VNPP01805,,21.0,13.0,96.0,2-3,2026-01-27 17:02:41,,local
2025-08-26,1871,2,14,38,42,45,10,11,MPQZ33912,,21.0,13.0,141.0,1-4,2026-01-27 17:02:41,,local
2025-08-29,1872,6,9,10,13,37,1,7,JQQW80207,,21.0,13.0,75.0,3-2,2026-01-27 17:02:41,,local
2025-09-02,1873,13,30,31,32,36,1,12,XRRW68932,,19.0,15.0,142.0,2-3,2026-01-27 17:02:41,,local
2025-09-05,1874,27,30,31,41,43,5,8,VSRP82528,,19.0,15.0,172.0,4-1,2026-01-27 17:02:41,,local
2025-09-09,1875,3,13,24,39,40,2,8,HTSQ65848,,19.0,15.0,119.0,3-2,2026-01-27 17:02:41,,local
2025-09-12,1876,5,10,23,31,37,3,11,XVSM02393,,19.0,15.0,106.0,4-1,2026-01-27 17:02:41,,local
2025-09-16,1877,1,9,13,35,40,5,6,MWTL95001,,19.0,15.0,98.0,4-1,2026-01-27 17:02:41,,local
2025-09-19,1878,8,10,26,32,42,9,12,VXTP31153,,19.0,15.0,118.0,0-5,2026-01-27 17:02:41,,local
2025-09-23,1879,11,13,24,29,33,2,5,TZTX32518,,20.0,14.0,110.0,4-1,2026-01-27 17:02:41,,local
2025-09-26,1880,4,17,25,28,44,5,11,TBVX53006,,20.0,14.0,118.0,2-3,2026-01-27 17:02:41,,local
2025-09-30,1881,3,8,15,17,48,2,8,MCWF43688,,20.0,14.0,91.0,3-2,2026-01-27 17:02:41,,local
2025-10-03,1882,6,12,18,25,41,2,6,VDVZ96056,,20.0,14.0,102.0,2-3,2026-01-27 17:02:41,,local
2025-10-07,1883,24,39,42,43,48,5,8,MFWZ19713,,20.0,14.0,196.0,2-3,2026-01-27 17:02:41,,local
2025-10-10,1884,6,7,17,20,21,1,10,TGXG94724,,20.0,14.0,71.0,3-2,2026-01-27 17:02:41,,local
2025-10-14,1885,5,8,14,16,18,3,10,ZHXJ21923,,20.0,14.0,61.0,1-4,2026-01-27 17:02:41,,local
2025-10-17,1886,13,35,39,44,47,3,5,MJXT42228,,20.0,14.0,178.0,4-1,2026-01-27 17:02:41,,local
2025-10-21,1887,5,24,29,40,42,6,12,HKZF63683,,20.0,14.0,140.0,2-3,2026-01-27 17:02:41,,local
2025-10-24,1888,7,8,25,31,45,7,12,VLZS07617,,20.0,14.0,116.0,4-1,2026-01-27 17:02:41,,local
2025-10-28,1889,7,8,24,35,49,2,12,ZMZX81378,,20.0,14.0,123.0,3-2,2026-01-27 17:02:41,,local
2025-10-31,1890,5,14,38,43,45,7,11,"HNBL74719,HNBR62539,HNBW32363,JNBG46705,JNBM01470,TNBD07857,TNBM41670,TNBT28350,VNZT93631,ZNBG69686",,20.0,14.0,145.0,3-2,2026-01-27 17:02:41,,local
2025-11-04,1891,6,9,25,28,45,1,4,HPCF58869,,21.0,13.0,113.0,3-2,2026-01-27 17:02:41,,local
2025-11-07,1892,11,21,39,40,43,2,8,JQCS42996,,21.0,13.0,154.0,4-1,2026-01-27 17:02:41,,local
2025-11-11,1893,4,22,32,36,47,2,10,JRCW45008,,21.0,13.0,141.0,1-4,2026-01-27 17:02:41,,local
2025-11-14,1894,9,26,27,45,48,8,9,ZSCT91277,,21.0,13.0,155.0,3-2,2026-01-27 17:02:41,,local
2025-11-18,1895,2,4,15,21,48,6,12,JTDW65011,,21.0,13.0,90.0,2-3,2026-01-27 17:02:41,,local
2025-11-21,1896,17,19,29,35,48,5,9,HVFV75870,,21.0,13.0,148.0,4-1,2026-01-27 17:02:41,,local
2025-11-25,1897,6,11,17,35,44,3,7,JWGH03530,,21.0,13.0,113.0,3-2,2026-01-27 17:02:41,,local
2025-11-28,1898,5,29,33,39,42,3,9,XXGW96165,,21.0,13.0,148.0,4-1,2026-01-27 17:02:41,,local
2025-12-02,1899,4,13,14,20,41,6,12,ZZHN94414,,19.0,15.0,92.0,2-3,2026-01-27 17:02:41,,local
2025-12-05,1900,9,15,25,34,46,8,12,MBJB69891,,19.0,15.0,129.0,3-2,2026-01-27 17:02:41,,local
2025-12-09,1901,2,8,13,29,49,2,11,HCJS11627,,19.0,15.0,101.0,3-2,2026-01-27 17:02:41,,local
2025-12-12,1902,7,25,30,37,41,5,11,JDKC35786,,19.0,15.0,140.0,4-1,2026-01-27 17:02:41,,local
2025-12-16,1903,14,16,40,41,44,2,10,HFKM19284,,19.0,15.0,155.0,1-4,2026-01-27 17:02:41,,local
2025-12-19,1904,17,21,39,43,44,1,11,JZHK63344,,19.0,15.0,164.0,4-1,2026-01-27 17:02:41,,local
2025-12-23,1905,8,26,27,29,44,11,12,ZHLG35028,,19.0,15.0,134.0,2-3,2026-01-27 17:02:41,,local
2025-12-26,1906,12,22,32,36,48,3,4,XJLN65585,,19.0,15.0,150.0,0-5,2026-01-27 17:02:41,,local
2025-12-30,1907,11,26,29,34,44,1,10,ZKLT07723,,19.0,15.0,144.0,2-3,2026-01-27 17:02:41,,local
2026-01-02,1908,8,27,42,44,46,1,10,"HLMP50646,JLLW17605,JLMN91011,MLMF46017,TLMS94560,VLLS88379,VLMF57547,VLMK76537,XHKW52401,XLMJ87876",,20.0,14.0,167.0,1-4,2026-01-27 17:02:41,,local
2026-01-06,1909,5,14,17,18,31,10,12,VMMQ91573,,20.0,14.0,85.0,3-2,2026-01-27 17:02:41,,local
2026-01-09,1910,1,7,10,26,34,2,4,ZNNH87879,,20.0,14.0,78.0,2-3,2026-01-27 17:02:41,,local
2026-01-13,1911,6,10,18,44,47,2,10,HPNW21708,,20.0,14.0,125.0,1-4,2026-01-27 17:02:41,,local
2026-01-16,1912,5,17,24,29,50,5,10,"JPNM78049,JQPB18782,JQPB46716,JQPG24015,MPNM70062,MQNZ12142,TPNT33013,VMMW54129,VQNT31878,VQPF06577",,20.0,14.0,125.0,3-2,2026-01-27 17:02:41,,local
2026-01-20,1913,11,18,19,22,50,1,11,MRPV67395,,20.0,14.0,120.0,2-3,2026-01-27 17:02:41,,local
2026-01-23,1914,4,5,13,21,42,3,10,MSPP05803,,20.0,14.0,85.0,3-2,2026-01-27 17:02:41,,local
2026-01-27,1915,4,23,42,43,47,3,9,ZTQB95979,,20.0,14.0,159.0,3-2,2026-01-28 09:41:17,,local
2026-01-30,1916,14,18,31,35,46,7,11,HVRM54507,,20.0,14.0,144.0,2-3,2026-01-30 22:00:02,,local
2026-02-03,1917,26,27,28,34,37,4,9,HWRT48678,,21.0,13.0,152.0,2-3,2026-02-03 21:00:02,,local
2026-02-06,1918,10,13,20,23,24,6,11,ZXRW94875,,21.0,13.0,90.0,2-3,2026-02-06 22:00:02,,local
2026-02-10,1919,1,17,19,34,42,5,8,ZZRX94583,,21.0,13.0,113.0,3-2,2026-02-10 22:00:02,,local
2026-02-13,1920,9,13,31,37,40,6,9,VBSJ63892,,21.0,13.0,130.0,4-1,2026-02-13 21:00:02,,local
2026-02-17,1921,1,4,6,10,41,5,12,MCSV74361,,21.0,13.0,62.0,2-3,2026-02-17 21:00:02,,local
2026-02-20,1922,13,24,28,33,35,5,9,ZDTF34718,,21.0,13.0,133.0,3-2,2026-02-20 22:00:02,,local
2026-02-24,1923,10,27,40,43,47,6,10,HFVG69795,,21.0,13.0,167.0,3-2,2026-02-24 21:00:02,,local
2026-02-27,1924,14,24,27,39,42,6,10,HGVX32794,,21.0,13.0,146.0,2-3,2026-02-27 22:00:02,,local
2026-03-03,1925,6,7,24,34,50,5,7,VHVZ15809,,19.0,15.0,121.0,1-4,2026-03-03 22:00:02,,local
2026-03-06,1926,15,16,19,28,37,6,9,MJWS56701,,19.0,15.0,115.0,3-2,2026-03-06 22:00:02,,local
2026-03-10,1927,12,14,27,44,50,4,12,MKXN67490,,19.0,15.0,147.0,1-4,2026-03-10 22:00:02,,local
2026-03-13,1928,13,17,26,41,48,4,10,"HLDQ08867,HLDV87527,JKZB23069,JLZC67854,JLZG97793,JLZK35885,TLBW02597,TLCH12618,VLXX97263,XKCV64479,XKDB23868,XLDS55221,ZLFP22665",,19.0,15.0,145.0,3-2,2026-03-13 22:00:01,,local
2026-03-17,1929,5,17,28,33,41,3,9,HMFF 79016,,,,,,,"£23,064,074",national_lottery_com_backfill
2026-03-20,1930,5,12,16,37,46,8,10,VJWQ 15952,,,,,,,"£34,145,427",national_lottery_com_backfill
2026-03-24,1931,12,16,17,18,27,1,3,JPBM 36493,,,,,,,"£42,703,039",national_lottery_com_backfill
2026-03-27,1932,4,10,43,44,48,2,4,JQCB 13299,,,,,,,"£54,563,238",national_lottery_com_backfill
2026-03-31,1933,5,8,10,33,38,2,7,MRCK 30785,,,,,,,"£62,890,069",national_lottery_com_backfill
2026-04-03,1934,8,27,29,46,49,2,10,VSCZ 77991,,,,,,,"£72,866,184",national_lottery_com_backfill
2026-04-07,1935,11,14,19,36,49,6,7,XTHM 58231,,,,,,,"£80,896,361",national_lottery_com_backfill
2026-04-10,1936,10,13,14,38,41,6,9,JVDK 84392,,,,,,,"£92,054,325",national_lottery_com_backfill
2026-04-14,1937,1,2,4,28,44,5,12,TWGW 38925,,,,,,,"£101,575,025",national_lottery_com_backfill
2026-04-17,1938,22,23,28,41,47,6,8,JXFN 60232,,,,,,,"£115,216,921",national_lottery_com_backfill
2026-04-21,1939,13,16,29,40,47,3,4,HVHT 22088,,,,,,,"£125,534,584",national_lottery_com_backfill
2026-04-24,1940,25,26,30,40,45,1,5,MBGT 03608,,,,,,,"£14,737,300",national_lottery_com_backfill
2026-04-28,1941,26,29,41,46,47,8,9,TCJT 60947,,,,,,,"£22,735,651",national_lottery_com_backfill
2026-05-01,1942,3,9,42,46,47,1,11,HDLW 29399,,,,,,,"£34,006,734",national_lottery_com_backfill
2026-05-05,1943,3,4,8,20,31,6,8,XFMK 92312,,,,,,,"£42,747,690",national_lottery_com_backfill
2026-05-08,1944,2,17,19,34,37,8,11,XGMH 78937,,,,,,,"£54,412,853",national_lottery_com_backfill
2026-05-12,1945,4,26,32,35,36,5,7,TFKP 87291,,,,,,,"£62,381,490",national_lottery_com_backfill
2026-05-15,1946,3,10,38,41,43,2,9,JJJX 61536,,,,,,,"£72,709,841",national_lottery_com_backfill
2026-05-19,1947,2,12,20,38,45,2,5,JKKM 12166,,,,,,,"£80,371,842",national_lottery_com_backfill
2026-05-22,1948,6,22,26,31,37,5,8,MLLC 65571,,,,,,,"£91,136,033",national_lottery_com_backfill
2026-05-26,1949,6,23,25,35,37,6,12,VMMK 52195,,,,,,,"£100,002,438",national_lottery_com_backfill
2026-05-29,1950,5,14,18,31,35,2,12,MNMB39412,,,,,,,"112,568,108",official_xml
2026-06-02,1951,6,9,17,18,42,7,9,VNNW79489,,,,,,,"123,575,545",official_xml
2026-06-05,1952,5,6,16,17,49,2,12,TQPZ 58530,,,,,,,"£138,860,469",national_lottery_com_backfill
2026-06-09,1953,2,7,23,44,46,3,5,JRPN 86253,,,,,,,"£151,098,759",national_lottery_com_backfill
